CPUID:,0x506E3
Processor:,Intel Core i7 6700HQ (Skylake) 
Platform:,Socket 1440 (FCBGA1440)
Revision:,R0
Lithography:,14nm

Session start:,16:41:26 - January 02 - 2020

Time,Core 0 Temp. (°),Core 1 Temp. (°),Core 2 Temp. (°),Core 3 Temp. (°),,Core 0,Low temp. (°),High temp. (°),Core load (%),Core speed (MHz),Core 1,Low temp. (°),High temp. (°),Core load (%),Core speed (MHz),Core 2,Low temp. (°),High temp. (°),Core load (%),Core speed (MHz),Core 3,Low temp. (°),High temp. (°),Core load (%),Core speed (MHz),CPU 0 Power,
16:41:56 01/02/20,43,51,40,43,,,38,48,20,2493.28,,42,60,5,2493.28,,37,47,5,2493.28,,37,51,3,2493.28,5.8,
16:42:26 01/02/20,39,43,38,39,,,38,48,8,2493.28,,42,60,5,2493.28,,37,47,4,2493.28,,37,51,2,2493.28,5.1,
16:42:56 01/02/20,39,44,38,39,,,37,48,8,2493.28,,41,60,8,2493.28,,37,47,9,2493.28,,37,51,7,2493.28,4.5,
16:43:26 01/02/20,37,41,36,37,,,37,48,2,2493.28,,41,60,1,2493.28,,36,47,0,2493.28,,37,51,1,2493.28,3.7,
16:43:56 01/02/20,40,46,39,39,,,37,48,1,2493.28,,41,60,1,2493.28,,36,47,2,2493.28,,37,51,0,2493.28,3.0,
16:44:26 01/02/20,38,41,37,37,,,37,48,0,2493.28,,41,60,3,2493.28,,36,47,2,2493.28,,37,51,2,2493.28,3.6,
16:44:56 01/02/20,38,41,36,37,,,37,48,0,2493.28,,40,60,0,2493.28,,36,47,0,2493.28,,35,51,1,2493.28,4.0,
16:45:26 01/02/20,37,40,36,36,,,37,48,4,2493.28,,40,60,1,2493.28,,35,47,3,2493.28,,35,51,0,2493.28,3.7,
16:45:56 01/02/20,37,40,36,37,,,36,48,1,2493.28,,39,60,2,2493.28,,35,47,3,2493.28,,35,51,2,2493.28,3.4,
16:46:26 01/02/20,38,42,36,37,,,36,48,7,2493.28,,39,60,12,2493.28,,35,47,10,2493.28,,35,51,11,2493.28,4.8,
16:46:56 01/02/20,38,41,37,37,,,36,48,6,2493.28,,39,60,4,2493.28,,35,47,4,2493.28,,35,51,3,2493.28,5.1,
16:47:26 01/02/20,38,42,37,37,,,36,48,6,2493.28,,39,60,13,2493.28,,35,47,8,2493.28,,35,51,6,2493.28,5.0,
16:47:56 01/02/20,39,44,38,39,,,36,48,5,2493.28,,39,60,15,2493.28,,35,47,13,2493.28,,35,51,4,2493.28,6.0,
16:48:26 01/02/20,38,42,36,37,,,36,48,4,2493.28,,39,60,6,2493.28,,35,47,3,2493.28,,35,51,4,2493.28,4.5,
16:48:56 01/02/20,41,45,38,45,,,36,48,28,2493.28,,39,60,3,2493.28,,35,47,12,2493.28,,35,51,25,2493.28,9.0,
16:49:26 01/02/20,37,41,36,37,,,36,48,1,2493.28,,39,60,3,2493.28,,35,47,4,2493.28,,35,51,4,2493.28,3.7,
16:49:56 01/02/20,36,40,36,36,,,36,48,2,2493.28,,39,60,4,2493.28,,35,47,5,2493.28,,35,51,3,2493.28,4.4,
16:50:26 01/02/20,38,44,37,38,,,36,48,3,2493.28,,39,60,18,2493.28,,35,47,14,2493.28,,35,51,3,2493.28,6.1,
16:50:56 01/02/20,39,44,37,40,,,36,48,6,2493.28,,39,60,20,2493.28,,35,47,13,2493.28,,35,51,5,2493.28,5.4,
16:51:26 01/02/20,38,42,36,38,,,36,48,7,2493.28,,39,60,5,2493.28,,35,47,6,2493.28,,35,51,6,2493.28,5.4,
16:51:56 01/02/20,38,42,37,39,,,36,48,2,2493.28,,39,60,2,2493.28,,35,47,1,2493.28,,35,51,3,2493.28,3.7,
16:52:26 01/02/20,38,42,37,37,,,36,48,3,2493.28,,39,60,3,2493.28,,35,47,2,2493.28,,35,51,2,2493.28,3.5,
16:52:56 01/02/20,39,46,38,39,,,36,48,7,2493.28,,39,60,18,2493.28,,35,47,14,2493.28,,35,51,6,2493.28,7.2,
16:53:26 01/02/20,37,45,36,37,,,36,48,1,2493.28,,39,60,3,2493.28,,35,47,1,2493.28,,35,51,2,2493.28,3.2,
16:53:56 01/02/20,38,41,36,37,,,36,48,2,2493.28,,39,60,1,2493.28,,35,47,3,2493.28,,35,51,4,2493.28,6.5,
16:54:26 01/02/20,38,43,37,38,,,36,48,2,2493.28,,39,60,11,2493.28,,35,47,15,2493.28,,35,51,4,2493.28,5.9,
16:54:56 01/02/20,39,44,38,39,,,36,48,4,2493.28,,39,60,12,2493.28,,35,47,9,2493.28,,35,51,3,2493.28,6.3,
16:55:26 01/02/20,39,42,37,38,,,36,48,0,2493.28,,39,60,3,2493.28,,35,47,2,2493.28,,35,51,3,2493.28,3.8,
16:55:56 01/02/20,40,56,37,41,,,36,48,22,2493.28,,39,60,14,2493.28,,35,47,0,2493.28,,35,51,15,2493.28,7.9,
16:56:26 01/02/20,39,44,37,39,,,36,48,1,2493.28,,39,60,18,2493.28,,35,47,14,2493.28,,35,51,5,2493.28,5.6,
16:56:56 01/02/20,38,43,37,38,,,36,48,0,2493.28,,39,60,1,2493.28,,35,47,0,2493.28,,35,51,2,2493.28,3.4,
16:57:26 01/02/20,38,42,37,37,,,36,48,0,2493.28,,39,60,3,2493.28,,35,47,1,2493.28,,35,51,2,2493.28,3.9,
16:57:56 01/02/20,39,44,36,38,,,36,48,3,2493.28,,39,60,12,2493.28,,35,47,11,2493.28,,35,51,8,2493.28,4.4,
16:58:26 01/02/20,38,40,36,37,,,36,48,0,2493.28,,39,60,2,2493.28,,35,47,3,2493.28,,35,51,1,2493.28,4.0,
16:58:56 01/02/20,38,43,35,37,,,36,48,1,2493.28,,39,60,0,2493.28,,35,47,0,2493.28,,35,51,0,2493.28,3.0,
16:59:26 01/02/20,37,41,35,37,,,36,48,16,2493.28,,39,60,4,2493.28,,35,47,6,2493.28,,35,51,14,2493.28,6.2,
16:59:56 01/02/20,37,39,35,36,,,36,48,0,2493.28,,39,60,1,2493.28,,35,47,2,2493.28,,35,51,0,2493.28,3.1,
17:00:26 01/02/20,36,38,35,35,,,35,48,1,2493.28,,38,60,2,2493.28,,35,47,0,2493.28,,35,51,1,2493.28,3.1,
17:00:56 01/02/20,38,40,36,36,,,35,48,1,2493.28,,38,60,2,2493.28,,35,47,0,2493.28,,35,51,0,2493.28,3.5,
17:01:26 01/02/20,38,41,38,37,,,35,48,3,2493.28,,38,60,4,2493.28,,35,47,1,2493.28,,35,51,3,2493.28,3.6,
17:01:56 01/02/20,38,44,37,38,,,35,48,7,2493.28,,38,60,14,2493.28,,35,47,10,2493.28,,35,51,7,2493.28,6.7,
17:02:26 01/02/20,36,40,36,37,,,35,48,1,2493.28,,38,60,1,2493.28,,35,47,2,2493.28,,35,51,0,2493.28,3.6,
17:02:56 01/02/20,37,41,36,36,,,35,48,3,2493.28,,38,60,3,2493.28,,35,47,2,2493.28,,35,51,1,2493.28,3.4,
17:03:26 01/02/20,37,41,36,37,,,35,48,4,2493.28,,38,60,13,2493.28,,35,47,12,2493.28,,35,51,2,2493.28,5.2,
17:03:56 01/02/20,37,44,37,38,,,35,48,4,2493.28,,38,60,15,2493.28,,35,47,14,2493.28,,35,51,10,2493.28,6.6,
17:04:26 01/02/20,38,43,36,38,,,35,48,0,2493.28,,38,60,11,2493.28,,35,47,7,2493.28,,35,51,4,2493.28,5.1,
17:04:56 01/02/20,37,42,36,37,,,35,48,5,2493.28,,38,60,10,2493.28,,35,47,5,2493.28,,35,51,9,2493.28,5.8,
17:05:26 01/02/20,38,43,37,38,,,35,48,4,2493.28,,38,60,21,2493.28,,35,47,19,2493.28,,35,51,3,2493.28,5.3,
17:05:56 01/02/20,38,44,37,38,,,35,48,1,2493.28,,38,60,18,2493.28,,35,47,13,2493.28,,35,51,2,2493.28,5.3,
17:06:26 01/02/20,38,44,37,39,,,35,48,1,2493.28,,38,60,16,2493.28,,35,47,13,2493.28,,35,51,1,2493.28,5.7,
17:06:56 01/02/20,39,44,37,45,,,35,48,5,2493.28,,38,60,16,2493.28,,35,47,11,2493.28,,35,51,5,2493.28,6.9,
17:07:26 01/02/20,39,44,37,38,,,35,48,5,2493.28,,38,60,19,2493.28,,35,47,15,2493.28,,35,51,3,2493.28,5.9,
17:07:56 01/02/20,40,45,38,40,,,35,48,6,2493.28,,38,60,11,2493.28,,35,47,11,2493.28,,35,51,5,2493.28,7.6,
17:08:26 01/02/20,41,54,41,47,,,35,48,10,2493.28,,38,60,20,2493.28,,35,47,17,2493.28,,35,51,14,2493.28,8.9,
17:08:56 01/02/20,37,40,36,37,,,35,48,1,2493.28,,38,60,2,2493.28,,35,47,0,2493.28,,35,51,1,2493.28,3.1,
17:09:26 01/02/20,39,43,37,39,,,35,48,4,2493.28,,38,60,19,2493.28,,35,47,18,2493.28,,35,51,7,2493.28,5.9,
17:09:56 01/02/20,37,41,36,37,,,35,48,2,2493.28,,38,60,2,2493.28,,35,47,5,2493.28,,35,51,4,2493.28,3.0,
17:10:26 01/02/20,40,43,37,39,,,35,48,8,2493.28,,38,60,8,2493.28,,35,47,12,2493.28,,35,51,5,2493.28,5.9,
17:10:56 01/02/20,39,43,38,39,,,35,48,1,2493.28,,38,60,16,2493.28,,35,47,15,2493.28,,35,51,1,2493.28,5.1,
17:11:26 01/02/20,38,43,36,38,,,35,48,12,2493.28,,38,60,13,2493.28,,35,47,13,2493.28,,35,51,8,2493.28,8.1,
17:11:56 01/02/20,41,50,41,43,,,35,48,10,2493.28,,38,60,22,2493.28,,35,47,16,2493.28,,35,51,7,2493.28,6.2,
17:12:26 01/02/20,38,43,37,39,,,35,48,4,2493.28,,38,60,11,2493.28,,35,47,11,2493.28,,35,51,5,2493.28,7.8,
17:12:56 01/02/20,38,40,37,37,,,35,48,1,2493.28,,38,60,1,2493.28,,35,47,1,2493.28,,35,51,2,2493.28,2.8,
17:13:26 01/02/20,37,40,35,36,,,35,48,1,2493.28,,38,60,4,2493.28,,35,47,2,2493.28,,35,51,4,2493.28,3.6,
17:13:56 01/02/20,38,44,36,38,,,35,48,4,2493.28,,38,60,21,2493.28,,35,47,19,2493.28,,35,51,7,2493.28,6.0,
17:14:26 01/02/20,40,46,38,45,,,35,48,27,2493.28,,38,60,22,2493.28,,35,47,18,2493.28,,35,51,28,2493.28,9.2,
17:14:56 01/02/20,37,41,36,37,,,35,48,1,2493.28,,38,60,1,2493.28,,35,47,2,2493.28,,35,51,1,2493.28,3.5,
17:15:26 01/02/20,37,40,36,36,,,35,48,1,2493.28,,38,60,1,2493.28,,35,47,4,2493.28,,35,51,2,2493.28,4.0,
17:15:56 01/02/20,38,46,37,38,,,35,48,2,2493.28,,38,60,1,2493.28,,35,47,3,2493.28,,35,51,1,2493.28,3.6,
17:16:26 01/02/20,42,42,37,37,,,35,48,8,2493.28,,38,60,3,2493.28,,35,47,4,2493.28,,35,51,1,2493.28,3.3,
17:16:56 01/02/20,39,47,38,40,,,35,48,14,2493.28,,38,60,11,2493.28,,35,47,11,2493.28,,35,51,8,2493.28,7.4,
17:17:26 01/02/20,38,45,37,39,,,35,48,18,2493.28,,38,60,34,2493.28,,35,47,18,2493.28,,35,51,24,2493.28,10.2,
17:17:56 01/02/20,39,46,38,39,,,35,48,6,2493.28,,38,60,14,2493.28,,35,47,14,2493.28,,35,51,5,2493.28,6.2,
17:18:26 01/02/20,37,41,36,37,,,35,48,2,2493.28,,38,60,7,2493.28,,35,47,0,2493.28,,35,51,4,2493.28,3.9,
17:18:56 01/02/20,38,43,39,38,,,35,48,0,2493.28,,38,60,1,2493.28,,35,47,2,2493.28,,35,51,0,2493.28,3.1,
17:19:26 01/02/20,37,41,36,37,,,35,48,1,2493.28,,38,60,2,2493.28,,35,47,2,2493.28,,35,51,1,2493.28,3.8,
17:19:56 01/02/20,39,42,37,38,,,35,48,1,2493.28,,38,60,7,2493.28,,35,47,2,2493.28,,35,51,4,2493.28,3.5,
17:20:26 01/02/20,39,43,37,38,,,35,48,1,2493.28,,38,60,15,2493.28,,35,47,12,2493.28,,35,51,2,2493.28,5.4,
17:20:56 01/02/20,36,40,35,37,,,35,48,0,2493.28,,38,60,0,2493.28,,35,47,2,2493.28,,35,51,0,2493.28,3.1,
17:21:26 01/02/20,38,42,37,37,,,35,48,2,2493.28,,38,60,9,2493.28,,35,47,4,2493.28,,35,51,2,2493.28,4.1,
17:21:56 01/02/20,39,45,38,39,,,35,48,3,2493.28,,38,60,17,2493.28,,35,47,14,2493.28,,35,51,3,2493.28,5.5,
17:22:26 01/02/20,40,44,37,39,,,35,48,11,2493.28,,38,60,6,2493.28,,35,47,2,2493.28,,35,51,7,2493.28,5.6,
17:22:56 01/02/20,38,41,37,37,,,35,48,3,2493.28,,38,60,9,2493.28,,35,47,1,2493.28,,35,51,3,2493.28,4.4,
17:23:26 01/02/20,38,40,36,37,,,35,48,2,2493.28,,38,60,1,2493.28,,35,47,0,2493.28,,35,51,2,2493.28,3.5,
17:23:56 01/02/20,38,41,36,37,,,35,48,0,2493.28,,38,60,3,2493.28,,35,47,1,2493.28,,35,51,0,2493.28,3.2,
17:24:26 01/02/20,36,40,35,35,,,35,48,1,2493.28,,38,60,3,2493.28,,35,47,0,2493.28,,35,51,1,2493.28,3.1,
17:24:56 01/02/20,39,45,38,40,,,35,48,4,2493.28,,38,60,16,2493.28,,35,47,15,2493.28,,35,51,3,2493.28,5.0,
17:25:26 01/02/20,39,46,38,39,,,35,48,0,2493.28,,38,60,18,2493.28,,35,47,11,2493.28,,35,51,0,2493.28,6.1,
17:25:56 01/02/20,37,41,36,37,,,35,48,0,2493.28,,38,60,1,2493.28,,35,47,5,2493.28,,35,51,0,2493.28,4.3,
17:26:26 01/02/20,38,42,37,38,,,35,48,6,2493.28,,38,60,10,2493.28,,35,47,6,2493.28,,35,51,3,2493.28,6.6,
17:26:56 01/02/20,39,45,38,39,,,35,48,1,2493.28,,38,60,23,2493.28,,35,47,16,2493.28,,35,51,3,2493.28,5.8,
17:27:26 01/02/20,38,42,37,39,,,35,48,1,2493.28,,38,60,17,2493.28,,35,47,11,2493.28,,35,51,2,2493.28,5.8,
17:27:56 01/02/20,40,49,39,41,,,35,48,10,2493.28,,38,60,27,2493.28,,35,47,19,2493.28,,35,51,12,2493.28,7.9,
17:28:26 01/02/20,39,44,37,40,,,35,48,2,2493.28,,38,60,21,2493.28,,35,47,19,2493.28,,35,51,4,2493.28,4.7,
17:28:56 01/02/20,39,47,37,41,,,35,48,1,2493.28,,38,60,16,2493.28,,35,47,12,2493.28,,35,51,3,2493.28,5.6,
17:29:26 01/02/20,38,42,37,38,,,35,48,4,2493.28,,38,60,3,2493.28,,35,47,3,2493.28,,35,51,4,2493.28,5.4,
17:29:56 01/02/20,39,42,38,39,,,35,48,6,2493.28,,38,60,4,2493.28,,35,47,2,2493.28,,35,51,2,2493.28,3.9,
17:30:26 01/02/20,40,44,39,40,,,35,48,9,2493.28,,38,60,12,2493.28,,35,47,11,2493.28,,35,51,9,2493.28,6.1,
17:30:56 01/02/20,41,44,40,40,,,35,48,8,2493.28,,38,60,7,2493.28,,35,47,6,2493.28,,35,51,5,2493.28,7.0,
17:31:26 01/02/20,40,44,39,40,,,35,48,7,2493.28,,38,60,11,2493.28,,35,47,8,2493.28,,35,51,5,2493.28,4.4,
17:31:56 01/02/20,41,47,41,42,,,35,48,7,2493.28,,38,60,14,2493.28,,35,47,10,2493.28,,35,51,12,2493.28,8.9,
17:32:26 01/02/20,42,46,41,43,,,35,48,19,2493.28,,38,60,17,2493.28,,35,47,14,2493.28,,35,51,13,2493.28,9.0,
17:32:56 01/02/20,43,50,42,46,,,35,48,3,2493.28,,38,60,13,2493.28,,35,47,8,2493.28,,35,51,6,2493.28,5.8,
17:33:26 01/02/20,42,46,41,41,,,35,48,7,2493.28,,38,60,10,2493.28,,35,47,12,2493.28,,35,51,5,2493.28,6.3,
17:33:56 01/02/20,39,45,39,40,,,35,48,1,2493.28,,38,60,7,2493.28,,35,47,2,2493.28,,35,51,2,2493.28,5.8,
17:34:26 01/02/20,41,46,43,41,,,35,48,5,2493.28,,38,60,7,2493.28,,35,47,6,2493.28,,35,51,2,2493.28,6.2,
17:34:56 01/02/20,39,44,38,40,,,35,48,2,2493.28,,38,60,10,2493.28,,35,47,3,2493.28,,35,51,4,2493.28,3.8,
17:35:26 01/02/20,41,49,40,43,,,35,48,8,2493.28,,38,60,7,2493.28,,35,47,7,2493.28,,35,51,8,2493.28,5.8,
17:35:56 01/02/20,40,44,39,41,,,35,48,7,2493.28,,38,60,6,2493.28,,35,47,7,2493.28,,35,51,6,2493.28,5.7,
17:36:26 01/02/20,40,44,39,40,,,35,48,8,2493.28,,38,60,7,2493.28,,35,47,11,2493.28,,35,51,7,2493.28,6.2,
17:36:56 01/02/20,40,46,40,40,,,35,48,7,2493.28,,38,60,28,2493.28,,35,47,18,2493.28,,35,51,12,2493.28,7.3,
17:37:26 01/02/20,42,46,41,42,,,35,48,10,2493.28,,38,60,10,2493.28,,35,47,5,2493.28,,35,51,10,2493.28,8.4,
17:37:56 01/02/20,42,46,41,42,,,35,48,4,2493.28,,38,60,15,2493.28,,35,47,10,2493.28,,35,51,9,2493.28,7.3,
17:38:26 01/02/20,42,47,41,43,,,35,48,8,2493.28,,38,60,13,2493.28,,35,47,14,2493.28,,35,51,9,2493.28,6.4,
17:38:56 01/02/20,42,46,41,43,,,35,48,7,2493.28,,38,60,4,2493.28,,35,47,5,2493.28,,35,51,2,2493.28,4.1,
17:39:26 01/02/20,42,46,40,42,,,35,48,7,2493.28,,38,60,9,2493.28,,35,47,5,2493.28,,35,51,7,2493.28,7.0,
17:39:56 01/02/20,44,54,45,48,,,35,48,29,2493.28,,38,60,9,2493.28,,35,47,14,2493.28,,35,51,36,2493.28,10.7,
17:40:26 01/02/20,40,44,39,40,,,35,48,1,2493.28,,38,60,3,2493.28,,35,47,0,2493.28,,35,51,4,2493.28,4.5,
17:40:56 01/02/20,41,45,40,41,,,35,48,7,2493.28,,38,60,4,2493.28,,35,47,9,2493.28,,35,51,9,2493.28,5.9,
17:41:26 01/02/20,40,45,40,41,,,35,48,5,2493.28,,38,60,4,2493.28,,35,47,5,2493.28,,35,51,4,2493.28,4.6,
17:41:56 01/02/20,40,44,40,40,,,35,48,9,2493.28,,38,60,7,2493.28,,35,47,7,2493.28,,35,51,5,2493.28,6.2,
17:42:26 01/02/20,40,44,40,40,,,35,48,8,2493.28,,38,60,2,2493.28,,35,47,3,2493.28,,35,51,6,2493.28,7.1,
17:42:56 01/02/20,40,44,40,40,,,35,48,6,2493.28,,38,60,5,2493.28,,35,47,7,2493.28,,35,51,4,2493.28,4.3,
17:43:26 01/02/20,40,45,39,40,,,35,48,5,2493.28,,38,60,2,2493.28,,35,47,4,2493.28,,35,51,5,2493.28,4.3,
17:43:56 01/02/20,39,44,39,40,,,35,48,4,2493.28,,38,60,4,2493.28,,35,47,4,2493.28,,35,51,4,2493.28,4.1,
17:44:26 01/02/20,42,48,39,44,,,35,48,12,2493.28,,38,60,2,2493.28,,35,47,2,2493.28,,35,51,4,2493.28,5.1,
17:44:56 01/02/20,42,47,40,43,,,35,48,20,2493.28,,38,60,18,2493.28,,35,47,17,2493.28,,35,51,6,2493.28,8.9,
17:45:26 01/02/20,42,51,42,43,,,35,48,6,2493.28,,38,60,12,2493.28,,35,47,13,2493.28,,35,51,4,2493.28,5.7,
17:45:56 01/02/20,40,44,39,39,,,35,48,2,2493.28,,38,60,3,2493.28,,35,47,4,2493.28,,35,51,1,2493.28,4.8,
17:46:26 01/02/20,39,43,38,39,,,35,48,5,2493.28,,38,60,2,2493.28,,35,47,1,2493.28,,35,51,2,2493.28,4.1,
17:46:56 01/02/20,39,43,38,39,,,35,48,2,2493.28,,38,60,3,2493.28,,35,47,3,2493.28,,35,51,3,2493.28,4.1,
17:47:26 01/02/20,40,44,38,39,,,35,48,4,2493.28,,38,60,4,2493.28,,35,47,7,2493.28,,35,51,5,2493.28,4.4,
17:47:56 01/02/20,39,43,38,39,,,35,48,9,2493.28,,38,60,7,2493.28,,35,47,8,2493.28,,35,51,8,2493.28,7.7,
17:48:26 01/02/20,38,42,37,38,,,35,48,7,2493.28,,38,60,11,2493.28,,35,47,10,2493.28,,35,51,2,2493.28,7.6,
17:48:56 01/02/20,39,43,38,39,,,35,48,4,2493.28,,38,60,6,2493.28,,35,47,3,2493.28,,35,51,5,2493.28,5.3,
17:49:26 01/02/20,38,42,38,38,,,35,48,3,2493.28,,38,60,5,2493.28,,35,47,4,2493.28,,35,51,2,2493.28,4.7,
17:49:56 01/02/20,38,42,37,38,,,35,48,3,2493.28,,38,60,2,2493.28,,35,47,5,2493.28,,35,51,3,2493.28,3.3,
17:50:26 01/02/20,40,46,38,40,,,35,48,12,2493.28,,38,60,17,2493.28,,35,47,16,2493.28,,35,51,10,2493.28,6.3,
17:50:56 01/02/20,39,43,38,39,,,35,48,7,2493.28,,38,60,11,2493.28,,35,47,9,2493.28,,35,51,13,2493.28,7.0,
17:51:26 01/02/20,40,45,39,40,,,35,48,7,2493.28,,38,60,11,2493.28,,35,47,8,2493.28,,35,51,7,2493.28,7.7,
17:51:56 01/02/20,40,45,39,40,,,35,48,11,2493.28,,38,60,19,2493.28,,35,47,13,2493.28,,35,51,12,2493.28,6.8,
17:52:26 01/02/20,40,45,39,40,,,35,48,6,2493.28,,38,60,8,2493.28,,35,47,6,2493.28,,35,51,9,2493.28,4.4,
17:52:56 01/02/20,40,45,40,41,,,35,48,7,2493.28,,38,60,15,2493.28,,35,47,15,2493.28,,35,51,5,2493.28,6.5,
17:53:26 01/02/20,39,43,38,39,,,35,48,2,2493.28,,38,60,8,2493.28,,35,47,6,2493.28,,35,51,2,2493.28,4.4,
17:53:56 01/02/20,40,44,39,40,,,35,48,6,2493.28,,38,60,10,2493.28,,35,47,7,2493.28,,35,51,6,2493.28,5.8,
17:54:26 01/02/20,41,51,40,41,,,35,48,5,2493.28,,38,60,5,2493.28,,35,47,14,2493.28,,35,51,4,2493.28,4.9,
17:54:56 01/02/20,41,45,39,40,,,35,48,4,2493.28,,38,60,4,2493.28,,35,47,1,2493.28,,35,51,4,2493.28,6.4,
17:55:26 01/02/20,39,43,38,40,,,35,48,4,2493.28,,38,60,6,2493.28,,35,47,7,2493.28,,35,51,2,2493.28,5.1,
17:55:56 01/02/20,39,42,38,38,,,35,48,2,2493.28,,38,60,0,2493.28,,35,47,1,2493.28,,35,51,1,2493.28,3.6,
17:56:26 01/02/20,38,42,37,38,,,35,48,0,2493.28,,38,60,4,2493.28,,35,47,2,2493.28,,35,51,4,2493.28,4.0,
17:56:56 01/02/20,38,43,39,38,,,35,48,3,2493.28,,38,60,6,2493.28,,35,47,5,2493.28,,35,51,6,2493.28,5.4,
17:57:26 01/02/20,39,44,37,39,,,35,48,5,2493.28,,38,60,3,2493.28,,35,47,5,2493.28,,35,51,14,2493.28,4.2,
17:57:56 01/02/20,39,47,36,38,,,35,48,3,2493.28,,38,60,5,2493.28,,35,47,3,2493.28,,35,51,3,2493.28,3.8,
17:58:26 01/02/20,37,41,35,36,,,35,48,0,2493.28,,38,60,1,2493.28,,35,47,0,2493.28,,35,51,0,2493.28,3.5,
17:58:56 01/02/20,37,39,35,36,,,35,48,2,2493.28,,38,60,2,2493.28,,35,47,2,2493.28,,35,51,0,2493.28,3.9,
17:59:26 01/02/20,37,40,35,36,,,35,48,1,2493.28,,38,60,0,2493.28,,35,47,0,2493.28,,35,51,1,2493.28,3.2,
17:59:56 01/02/20,37,40,35,37,,,35,48,2,2493.28,,38,60,3,2493.28,,35,47,3,2493.28,,35,51,0,2493.28,3.5,
18:00:26 01/02/20,37,41,36,37,,,35,48,3,2493.28,,38,60,0,2493.28,,35,47,0,2493.28,,35,51,0,2493.28,3.2,
18:00:56 01/02/20,36,39,36,35,,,35,48,1,2493.28,,38,60,2,2493.28,,35,47,2,2493.28,,35,51,1,2493.28,3.5,
18:01:26 01/02/20,38,42,35,39,,,35,48,1,2493.28,,38,60,0,2493.28,,34,47,0,2493.28,,35,51,2,2493.28,3.3,
18:01:56 01/02/20,36,39,35,35,,,35,48,2,2493.28,,38,60,3,2493.28,,34,47,0,2493.28,,35,51,1,2493.28,3.6,
18:02:26 01/02/20,36,44,35,36,,,34,48,0,2493.28,,38,60,5,2493.28,,34,47,0,2493.28,,34,51,0,2493.28,3.2,
18:02:56 01/02/20,35,40,34,36,,,34,48,10,2493.28,,38,60,13,2493.28,,34,47,3,2493.28,,34,51,1,2493.28,5.7,
18:03:26 01/02/20,36,41,34,36,,,34,48,2,2493.28,,38,60,5,2493.28,,34,47,7,2493.28,,34,51,3,2493.28,3.1,
18:03:56 01/02/20,35,38,35,34,,,34,48,1,2493.28,,37,60,1,2493.28,,33,47,0,2493.28,,34,51,2,2493.28,2.8,
18:04:26 01/02/20,36,39,34,35,,,34,48,2,2493.28,,37,60,3,2493.28,,33,47,1,2493.28,,34,51,2,2493.28,3.4,
18:04:56 01/02/20,34,38,33,34,,,34,48,3,2493.28,,37,60,0,2493.28,,33,47,0,2493.28,,34,51,0,2493.28,3.7,
18:05:26 01/02/20,37,42,35,37,,,34,48,11,2493.28,,37,60,7,2493.28,,33,47,2,2493.28,,34,51,11,2493.28,5.1,
18:05:56 01/02/20,34,37,34,35,,,34,48,2,2493.28,,37,60,1,2493.28,,33,47,2,2493.28,,34,51,0,2493.28,3.6,
18:06:26 01/02/20,35,41,34,35,,,34,48,1,2493.28,,37,60,0,2493.28,,33,47,1,2493.28,,34,51,0,2493.28,2.9,
18:06:56 01/02/20,34,37,34,34,,,34,48,2,2493.28,,37,60,3,2493.28,,33,47,2,2493.28,,34,51,3,2493.28,3.6,
18:07:26 01/02/20,35,38,34,35,,,34,48,1,2493.28,,37,60,3,2493.28,,33,47,0,2493.28,,34,51,2,2493.28,3.0,
18:07:56 01/02/20,34,37,33,34,,,34,48,1,2493.28,,37,60,2,2493.28,,33,47,2,2493.28,,34,51,2,2493.28,3.5,
18:08:26 01/02/20,35,38,34,35,,,34,48,11,2493.28,,37,60,3,2493.28,,33,47,7,2493.28,,34,51,9,2493.28,5.5,
18:08:56 01/02/20,34,38,33,34,,,34,48,0,2493.28,,37,60,2,2493.28,,33,47,3,2493.28,,34,51,2,2493.28,3.2,
18:09:26 01/02/20,34,37,33,34,,,34,48,2,2493.28,,37,60,3,2493.28,,33,47,3,2493.28,,34,51,1,2493.28,3.6,
18:09:56 01/02/20,34,37,33,34,,,34,48,0,2493.28,,37,60,1,2493.28,,33,47,3,2493.28,,34,51,2,2493.28,3.2,
18:10:26 01/02/20,36,41,34,41,,,34,48,12,2493.28,,37,60,1,2493.28,,33,47,5,2493.28,,34,51,15,2493.28,6.4,
18:10:56 01/02/20,34,38,33,34,,,34,48,5,2493.28,,37,60,4,2493.28,,32,47,2,2493.28,,34,51,4,2493.28,4.2,
18:11:26 01/02/20,34,38,33,34,,,34,48,3,2493.28,,37,60,1,2493.28,,32,47,4,2493.28,,34,51,2,2493.28,3.8,
18:11:56 01/02/20,35,38,33,34,,,34,48,3,2493.28,,37,60,4,2493.28,,32,47,3,2493.28,,34,51,1,2493.28,3.4,
18:12:26 01/02/20,35,37,34,34,,,34,48,1,2493.28,,37,60,2,2493.28,,32,47,2,2493.28,,34,51,1,2493.28,3.6,
18:12:56 01/02/20,34,38,33,34,,,34,48,3,2493.28,,37,60,0,2493.28,,32,47,3,2493.28,,34,51,3,2493.28,3.3,
18:13:26 01/02/20,34,37,32,34,,,34,48,1,2493.28,,37,60,2,2493.28,,32,47,0,2493.28,,34,51,2,2493.28,3.5,
18:13:56 01/02/20,35,37,33,34,,,33,48,12,2493.28,,37,60,9,2493.28,,32,47,5,2493.28,,34,51,7,2493.28,5.7,
18:14:26 01/02/20,34,37,33,34,,,33,48,1,2493.28,,37,60,1,2493.28,,32,47,2,2493.28,,34,51,1,2493.28,3.0,
18:14:56 01/02/20,34,37,35,34,,,33,48,0,2493.28,,37,60,1,2493.28,,32,47,2,2493.28,,34,51,1,2493.28,3.7,
18:15:26 01/02/20,34,37,32,33,,,33,48,1,2493.28,,36,60,4,2493.28,,32,47,1,2493.28,,33,51,0,2493.28,3.1,
18:15:56 01/02/20,34,37,33,34,,,33,48,1,2493.28,,36,60,2,2493.28,,32,47,0,2493.28,,33,51,2,2493.28,3.7,
18:16:26 01/02/20,35,37,33,34,,,33,48,0,2493.28,,36,60,0,2493.28,,32,47,0,2493.28,,33,51,0,2493.28,3.0,
18:16:56 01/02/20,34,37,32,34,,,33,48,2,2493.28,,36,60,2,2493.28,,32,47,3,2493.28,,33,51,3,2493.28,3.9,
18:17:26 01/02/20,35,38,33,34,,,33,48,2,2493.28,,36,60,1,2493.28,,32,47,3,2493.28,,33,51,2,2493.28,3.6,
18:17:56 01/02/20,34,37,32,34,,,33,48,0,2493.28,,36,60,0,2493.28,,32,47,0,2493.28,,33,51,4,2493.28,3.6,
18:18:26 01/02/20,34,37,33,34,,,33,48,0,2493.28,,36,60,1,2493.28,,32,47,2,2493.28,,33,51,4,2493.28,3.1,
18:18:56 01/02/20,34,37,33,34,,,33,48,0,2493.28,,36,60,3,2493.28,,32,47,0,2493.28,,33,51,4,2493.28,3.1,
18:19:26 01/02/20,38,41,35,35,,,33,48,11,2493.28,,36,60,5,2493.28,,32,47,6,2493.28,,33,51,11,2493.28,6.1,
18:19:56 01/02/20,37,44,35,38,,,33,48,8,2493.28,,36,60,9,2493.28,,32,47,8,2493.28,,33,51,9,2493.28,4.5,
18:20:26 01/02/20,38,42,36,37,,,33,48,15,2493.28,,36,60,13,2493.28,,32,47,4,2493.28,,33,51,6,2493.28,6.5,
18:20:56 01/02/20,37,40,35,37,,,33,48,1,2493.28,,36,60,3,2493.28,,32,47,1,2493.28,,33,51,1,2493.28,4.0,
18:21:26 01/02/20,36,39,35,36,,,33,48,2,2493.28,,36,60,2,2493.28,,32,47,13,2493.28,,33,51,5,2493.28,3.5,
18:21:56 01/02/20,35,38,34,35,,,33,48,2,2493.28,,36,60,1,2493.28,,32,47,2,2493.28,,33,51,3,2493.28,3.7,
18:22:26 01/02/20,35,37,33,34,,,33,48,2,2493.28,,36,60,2,2493.28,,32,47,5,2493.28,,33,51,1,2493.28,3.6,
18:22:56 01/02/20,35,38,33,34,,,33,48,2,2493.28,,36,60,1,2493.28,,32,47,1,2493.28,,33,51,2,2493.28,3.1,
18:23:26 01/02/20,34,37,33,34,,,33,48,0,2493.28,,36,60,2,2493.28,,32,47,0,2493.28,,33,51,0,2493.28,3.5,
18:23:56 01/02/20,35,38,34,35,,,33,48,1,2493.28,,36,60,2,2493.28,,32,47,4,2493.28,,33,51,1,2493.28,3.2,
18:24:26 01/02/20,34,37,32,34,,,33,48,2,2493.28,,36,60,1,2493.28,,32,47,0,2493.28,,33,51,1,2493.28,3.7,
18:24:56 01/02/20,34,38,33,34,,,33,48,1,2493.28,,36,60,2,2493.28,,32,47,1,2493.28,,33,51,2,2493.28,3.0,
18:25:26 01/02/20,34,37,32,34,,,33,48,1,2493.28,,36,60,1,2493.28,,32,47,3,2493.28,,33,51,2,2493.28,3.5,
18:25:56 01/02/20,37,44,34,36,,,33,48,13,2493.28,,36,60,6,2493.28,,32,47,4,2493.28,,33,51,7,2493.28,5.0,
18:26:26 01/02/20,34,37,33,34,,,33,48,0,2493.28,,36,60,1,2493.28,,32,47,2,2493.28,,33,51,0,2493.28,3.6,
18:26:56 01/02/20,34,38,33,34,,,33,48,0,2493.28,,36,60,3,2493.28,,32,47,0,2493.28,,33,51,1,2493.28,3.3,
18:27:26 01/02/20,37,42,35,37,,,33,48,9,2493.28,,36,60,15,2493.28,,32,47,6,2493.28,,33,51,10,2493.28,6.8,
18:27:56 01/02/20,35,38,34,34,,,33,48,3,2493.28,,36,60,4,2493.28,,32,47,3,2493.28,,33,51,2,2493.28,3.3,
18:28:26 01/02/20,36,40,35,36,,,33,48,1,2493.28,,36,60,5,2493.28,,32,47,2,2493.28,,33,51,5,2493.28,3.9,
18:28:56 01/02/20,35,37,33,35,,,33,48,1,2493.28,,36,60,2,2493.28,,32,47,2,2493.28,,33,51,3,2493.28,3.2,
18:29:26 01/02/20,36,42,34,35,,,33,48,1,2493.28,,36,60,6,2493.28,,32,47,3,2493.28,,33,51,0,2493.28,4.3,
18:29:56 01/02/20,34,37,33,34,,,33,48,1,2493.28,,36,60,2,2493.28,,32,47,3,2493.28,,33,51,2,2493.28,3.5,
18:30:26 01/02/20,34,37,33,34,,,33,48,0,2493.28,,36,60,1,2493.28,,32,47,3,2493.28,,33,51,0,2493.28,3.4,
18:30:56 01/02/20,34,37,33,34,,,33,48,1,2493.28,,36,60,2,2493.28,,32,47,0,2493.28,,33,51,3,2493.28,3.6,
18:31:26 01/02/20,36,39,34,35,,,33,48,11,2493.28,,36,60,17,2493.28,,32,47,10,2493.28,,33,51,15,2493.28,7.4,
18:31:56 01/02/20,35,39,34,35,,,33,48,0,2493.28,,36,60,4,2493.28,,32,47,3,2493.28,,33,51,5,2493.28,5.8,
18:32:26 01/02/20,36,40,35,39,,,33,48,0,2493.28,,36,60,1,2493.28,,32,47,3,2493.28,,33,51,3,2493.28,3.3,
18:32:56 01/02/20,34,37,34,34,,,33,48,0,2493.28,,36,60,2,2493.28,,32,47,1,2493.28,,33,51,3,2493.28,3.8,
18:33:26 01/02/20,35,38,34,35,,,33,48,1,2493.28,,36,60,7,2493.28,,32,47,3,2493.28,,33,51,5,2493.28,3.4,
18:33:56 01/02/20,35,37,34,34,,,33,48,1,2493.28,,36,60,1,2493.28,,32,47,3,2493.28,,33,51,2,2493.28,3.7,
18:34:26 01/02/20,34,37,34,34,,,33,48,4,2493.28,,36,60,5,2493.28,,32,47,6,2493.28,,33,51,5,2493.28,5.4,
18:34:56 01/02/20,35,38,34,35,,,33,48,3,2493.28,,36,60,5,2493.28,,32,47,5,2493.28,,33,51,4,2493.28,4.5,
18:35:26 01/02/20,34,37,34,34,,,33,48,2,2493.28,,36,60,5,2493.28,,32,47,4,2493.28,,33,51,2,2493.28,6.1,
18:35:56 01/02/20,38,42,35,42,,,33,48,22,2493.28,,36,60,11,2493.28,,32,47,4,2493.28,,33,51,24,2493.28,7.9,
18:36:26 01/02/20,35,38,34,35,,,33,48,2,2493.28,,36,60,3,2493.28,,32,47,1,2493.28,,33,51,1,2493.28,3.6,
18:36:56 01/02/20,37,41,35,37,,,33,48,10,2493.28,,36,60,15,2493.28,,32,47,13,2493.28,,33,51,11,2493.28,7.6,
18:37:26 01/02/20,36,39,34,35,,,33,48,5,2493.28,,36,60,2,2493.28,,32,47,2,2493.28,,33,51,2,2493.28,5.9,
18:37:56 01/02/20,35,38,33,35,,,33,48,2,2493.28,,36,60,6,2493.28,,32,47,4,2493.28,,33,51,2,2493.28,4.1,
18:38:26 01/02/20,35,37,34,34,,,33,48,1,2493.28,,36,60,2,2493.28,,32,47,2,2493.28,,33,51,1,2493.28,3.5,
18:38:56 01/02/20,35,38,34,35,,,33,48,4,2493.28,,36,60,6,2493.28,,32,47,4,2493.28,,33,51,8,2493.28,6.7,
18:39:26 01/02/20,35,38,33,34,,,33,48,2,2493.28,,36,60,6,2493.28,,32,47,4,2493.28,,33,51,0,2493.28,4.2,
18:39:56 01/02/20,35,38,34,35,,,33,48,11,2493.28,,36,60,7,2493.28,,32,47,10,2493.28,,33,51,5,2493.28,5.2,
18:40:26 01/02/20,36,39,34,36,,,33,48,8,2493.28,,36,60,6,2493.28,,32,47,2,2493.28,,33,51,5,2493.28,3.5,
18:40:56 01/02/20,35,38,33,35,,,33,48,1,2493.28,,36,60,8,2493.28,,32,47,2,2493.28,,33,51,2,2493.28,4.7,
18:41:26 01/02/20,35,38,34,34,,,33,48,0,2493.28,,36,60,1,2493.28,,32,47,3,2493.28,,33,51,1,2493.28,3.3,
18:41:56 01/02/20,36,39,34,37,,,33,48,4,2493.28,,36,60,11,2493.28,,32,47,10,2493.28,,33,51,5,2493.28,7.2,
18:42:26 01/02/20,35,38,34,35,,,33,48,4,2493.28,,36,60,6,2493.28,,32,47,4,2493.28,,33,51,3,2493.28,4.5,
18:42:56 01/02/20,35,38,34,34,,,33,48,0,2493.28,,36,60,2,2493.28,,32,47,1,2493.28,,33,51,2,2493.28,3.3,
18:43:26 01/02/20,35,39,34,35,,,33,48,8,2493.28,,36,60,8,2493.28,,32,47,6,2493.28,,33,51,10,2493.28,4.3,
18:43:56 01/02/20,34,37,33,34,,,33,48,0,2493.28,,36,60,2,2493.28,,32,47,1,2493.28,,33,51,2,2493.28,3.3,
18:44:26 01/02/20,34,38,34,35,,,33,48,5,2493.28,,36,60,3,2493.28,,32,47,5,2493.28,,33,51,6,2493.28,3.9,
18:44:56 01/02/20,33,38,34,35,,,33,48,2,2493.28,,36,60,2,2493.28,,32,47,5,2493.28,,33,51,3,2493.28,3.9,
18:45:26 01/02/20,35,39,34,35,,,33,48,10,2493.28,,36,60,8,2493.28,,32,47,8,2493.28,,33,51,11,2493.28,7.4,
18:45:56 01/02/20,35,38,33,35,,,33,48,2,2493.28,,36,60,5,2493.28,,32,47,3,2493.28,,33,51,5,2493.28,5.2,
18:46:26 01/02/20,37,41,36,37,,,33,48,9,2493.28,,36,60,12,2493.28,,32,47,9,2493.28,,33,51,9,2493.28,5.1,
18:46:56 01/02/20,36,38,34,36,,,33,48,1,2493.28,,36,60,4,2493.28,,32,47,0,2493.28,,33,51,6,2493.28,3.9,
18:47:26 01/02/20,35,39,33,35,,,33,48,0,2493.28,,36,60,2,2493.28,,32,47,2,2493.28,,33,51,1,2493.28,3.7,
18:47:56 01/02/20,34,38,34,35,,,33,48,2,2493.28,,36,60,3,2493.28,,32,47,2,2493.28,,33,51,3,2493.28,3.1,
18:48:26 01/02/20,35,37,34,35,,,33,48,1,2493.28,,36,60,2,2493.28,,32,47,1,2493.28,,33,51,2,2493.28,3.7,
18:48:56 01/02/20,37,45,35,37,,,33,48,6,2493.28,,36,60,12,2493.28,,32,47,0,2493.28,,33,51,9,2493.28,4.9,
18:49:26 01/02/20,34,38,34,35,,,33,48,0,2493.28,,36,60,3,2493.28,,32,47,1,2493.28,,33,51,1,2493.28,3.8,
18:49:56 01/02/20,36,39,34,36,,,33,48,7,2493.28,,36,60,9,2493.28,,32,47,2,2493.28,,33,51,5,2493.28,4.2,
18:50:26 01/02/20,35,38,34,35,,,33,48,5,2493.28,,36,60,3,2493.28,,32,47,1,2493.28,,33,51,2,2493.28,5.5,
18:50:56 01/02/20,35,39,33,35,,,33,48,0,2493.28,,36,60,3,2493.28,,32,47,0,2493.28,,33,51,2,2493.28,3.2,
18:51:26 01/02/20,35,37,34,35,,,33,48,0,2493.28,,36,60,1,2493.28,,32,47,3,2493.28,,33,51,1,2493.28,3.5,
18:51:56 01/02/20,36,40,33,37,,,33,48,1,2493.28,,36,60,2,2493.28,,32,47,0,2493.28,,33,51,2,2493.28,3.1,
18:52:26 01/02/20,35,37,34,35,,,33,48,4,2493.28,,36,60,2,2493.28,,32,47,3,2493.28,,33,51,2,2493.28,3.9,
18:52:56 01/02/20,35,38,33,35,,,33,48,4,2493.28,,36,60,2,2493.28,,32,47,1,2493.28,,33,51,3,2493.28,3.5,
18:53:26 01/02/20,38,40,34,39,,,33,48,7,2493.28,,36,60,10,2493.28,,32,47,6,2493.28,,33,51,4,2493.28,4.9,
18:53:56 01/02/20,34,41,34,35,,,33,48,2,2493.28,,36,60,5,2493.28,,32,47,3,2493.28,,33,51,1,2493.28,3.9,
18:54:26 01/02/20,35,40,35,35,,,33,48,27,2493.28,,36,60,9,2493.28,,32,47,13,2493.28,,33,51,19,2493.28,7.1,
18:54:56 01/02/20,36,40,35,37,,,33,48,1,2493.28,,36,60,8,2493.28,,32,47,3,2493.28,,33,51,4,2493.28,3.8,
18:55:26 01/02/20,36,40,35,35,,,33,48,5,2493.28,,36,60,5,2493.28,,32,47,3,2493.28,,33,51,9,2493.28,4.1,
18:55:56 01/02/20,36,41,34,37,,,33,48,1,2493.28,,36,60,4,2493.28,,32,47,1,2493.28,,33,51,4,2493.28,3.8,
18:56:26 01/02/20,38,42,36,39,,,33,48,6,2493.28,,36,60,7,2493.28,,32,47,4,2493.28,,33,51,4,2493.28,4.7,
18:56:56 01/02/20,37,44,36,38,,,33,48,2,2493.28,,36,60,6,2493.28,,32,47,2,2493.28,,33,51,7,2493.28,4.7,
18:57:26 01/02/20,36,40,35,36,,,33,48,2,2493.28,,36,60,2,2493.28,,32,47,1,2493.28,,33,51,4,2493.28,4.1,
18:57:56 01/02/20,36,39,35,35,,,33,48,8,2493.28,,36,60,12,2493.28,,32,47,10,2493.28,,33,51,11,2493.28,6.9,
18:58:26 01/02/20,35,39,34,35,,,33,48,1,2493.28,,36,60,0,2493.28,,32,47,2,2493.28,,33,51,1,2493.28,3.1,
18:58:56 01/02/20,38,52,35,39,,,33,48,9,2493.28,,36,60,23,2493.28,,32,47,33,2493.28,,33,51,6,2493.28,9.4,
18:59:26 01/02/20,34,39,34,35,,,33,48,3,2493.28,,36,60,3,2493.28,,32,47,3,2493.28,,33,51,0,2493.28,3.5,
18:59:56 01/02/20,38,42,35,37,,,33,48,11,2493.28,,36,60,14,2493.28,,32,47,16,2493.28,,33,51,11,2493.28,7.0,
19:00:26 01/02/20,35,38,33,35,,,33,48,1,2493.28,,36,60,2,2493.28,,32,47,2,2493.28,,33,51,1,2493.28,3.4,
19:00:56 01/02/20,34,38,34,34,,,33,48,1,2493.28,,36,60,2,2493.28,,32,47,3,2493.28,,33,51,0,2493.28,3.0,
19:01:26 01/02/20,40,43,36,38,,,33,48,30,2493.28,,36,60,17,2493.28,,32,47,9,2493.28,,33,51,25,2493.28,10.5,
19:01:56 01/02/20,34,38,34,35,,,33,48,1,2493.28,,36,60,3,2493.28,,32,47,2,2493.28,,33,51,2,2493.28,4.1,
19:02:26 01/02/20,37,42,36,38,,,33,48,6,2493.28,,36,60,5,2493.28,,32,47,15,2493.28,,33,51,9,2493.28,4.9,
19:02:56 01/02/20,38,42,36,37,,,33,48,11,2493.28,,36,60,16,2493.28,,32,47,8,2493.28,,33,51,9,2493.28,7.5,
19:03:26 01/02/20,36,40,35,36,,,33,48,0,2493.28,,36,60,5,2493.28,,32,47,10,2493.28,,33,51,5,2493.28,5.4,
19:03:56 01/02/20,36,39,35,36,,,33,48,4,2493.28,,36,60,6,2493.28,,32,47,6,2493.28,,33,51,7,2493.28,6.6,
19:04:26 01/02/20,40,48,39,42,,,33,48,10,2493.28,,36,60,7,2493.28,,32,47,8,2493.28,,33,51,8,2493.28,3.9,
19:04:56 01/02/20,36,40,35,36,,,33,48,1,2493.28,,36,60,3,2493.28,,32,47,2,2493.28,,33,51,3,2493.28,3.8,
19:05:26 01/02/20,35,39,35,35,,,33,48,1,2493.28,,36,60,1,2493.28,,32,47,2,2493.28,,33,51,1,2493.28,3.2,
19:05:56 01/02/20,36,39,35,36,,,33,48,5,2493.28,,36,60,7,2493.28,,32,47,7,2493.28,,33,51,1,2493.28,4.3,
19:06:26 01/02/20,37,42,35,37,,,33,48,22,2493.28,,36,60,23,2493.28,,32,47,11,2493.28,,33,51,16,2493.28,8.9,
19:06:56 01/02/20,36,40,35,36,,,33,48,3,2493.28,,36,60,3,2493.28,,32,47,1,2493.28,,33,51,4,2493.28,4.0,
19:07:26 01/02/20,37,40,35,36,,,33,48,2,2493.28,,36,60,4,2493.28,,32,47,1,2493.28,,33,51,4,2493.28,3.8,
19:07:56 01/02/20,36,40,35,36,,,33,48,5,2493.28,,36,60,4,2493.28,,32,47,3,2493.28,,33,51,4,2493.28,5.4,
19:08:26 01/02/20,38,42,36,38,,,33,48,4,2493.28,,36,60,8,2493.28,,32,47,11,2493.28,,33,51,9,2493.28,5.8,
19:08:56 01/02/20,38,43,36,38,,,33,48,1,2493.28,,36,60,6,2493.28,,32,47,5,2493.28,,33,51,2,2493.28,4.4,
19:09:26 01/02/20,37,41,36,38,,,33,48,3,2493.28,,36,60,4,2493.28,,32,47,6,2493.28,,33,51,4,2493.28,4.8,
19:09:56 01/02/20,38,41,37,37,,,33,48,0,2493.28,,36,60,1,2493.28,,32,47,1,2493.28,,33,51,1,2493.28,3.5,
19:10:26 01/02/20,36,41,35,36,,,33,48,0,2493.28,,36,60,0,2493.28,,32,47,2,2493.28,,33,51,1,2493.28,2.9,
19:10:56 01/02/20,38,41,36,37,,,33,48,3,2493.28,,36,60,2,2493.28,,32,47,2,2493.28,,33,51,8,2493.28,3.0,
19:11:26 01/02/20,37,40,36,37,,,33,48,6,2493.28,,36,60,8,2493.28,,32,47,8,2493.28,,33,51,8,2493.28,4.7,
19:11:56 01/02/20,39,42,36,38,,,33,48,18,2493.28,,36,60,11,2493.28,,32,47,10,2493.28,,33,51,25,2493.28,6.9,
19:12:26 01/02/20,37,40,36,37,,,33,48,3,2493.28,,36,60,3,2493.28,,32,47,3,2493.28,,33,51,3,2493.28,3.7,
19:12:56 01/02/20,36,40,35,37,,,33,48,1,2493.28,,36,60,1,2493.28,,32,47,4,2493.28,,33,51,1,2493.28,3.8,
19:13:26 01/02/20,36,39,35,37,,,33,48,0,2493.28,,36,60,3,2493.28,,32,47,3,2493.28,,33,51,2,2493.28,2.9,
19:13:56 01/02/20,36,39,34,36,,,33,48,4,2493.28,,36,60,5,2493.28,,32,47,7,2493.28,,33,51,4,2493.28,4.0,
19:14:26 01/02/20,38,41,36,39,,,33,48,4,2493.28,,36,60,6,2493.28,,32,47,5,2493.28,,33,51,5,2493.28,6.9,
19:14:56 01/02/20,36,40,35,36,,,33,48,4,2493.28,,36,60,7,2493.28,,32,47,8,2493.28,,33,51,4,2493.28,4.8,
19:15:26 01/02/20,37,40,35,37,,,33,48,4,2493.28,,36,60,3,2493.28,,32,47,4,2493.28,,33,51,4,2493.28,5.8,
19:15:56 01/02/20,37,41,36,37,,,33,48,0,2493.28,,36,60,0,2493.28,,32,47,3,2493.28,,33,51,1,2493.28,5.0,
19:16:26 01/02/20,36,39,35,36,,,33,48,2,2493.28,,36,60,0,2493.28,,32,47,1,2493.28,,33,51,0,2493.28,3.3,
19:16:56 01/02/20,36,38,34,35,,,33,48,0,2493.28,,36,60,1,2493.28,,32,47,1,2493.28,,33,51,2,2493.28,3.4,
19:17:26 01/02/20,38,43,36,39,,,33,48,21,2493.28,,36,60,15,2493.28,,32,47,11,2493.28,,33,51,13,2493.28,7.0,
19:17:56 01/02/20,35,38,34,34,,,33,48,0,2493.28,,36,60,0,2493.28,,32,47,1,2493.28,,33,51,2,2493.28,3.6,
19:18:26 01/02/20,37,40,36,37,,,33,48,4,2493.28,,36,60,8,2493.28,,32,47,7,2493.28,,33,51,8,2493.28,5.9,
19:18:56 01/02/20,34,38,34,35,,,33,48,1,2493.28,,36,60,4,2493.28,,32,47,1,2493.28,,33,51,3,2493.28,3.6,
19:19:26 01/02/20,34,38,33,35,,,33,48,3,2493.28,,36,60,3,2493.28,,32,47,0,2493.28,,33,51,0,2493.28,3.5,
19:19:56 01/02/20,35,38,34,35,,,33,48,4,2493.28,,36,60,3,2493.28,,32,47,3,2493.28,,33,51,1,2493.28,3.5,
19:20:26 01/02/20,34,38,33,34,,,33,48,1,2493.28,,36,60,1,2493.28,,32,47,0,2493.28,,33,51,2,2493.28,2.8,
19:20:56 01/02/20,35,39,34,36,,,33,48,2,2493.28,,36,60,4,2493.28,,32,47,5,2493.28,,33,51,7,2493.28,5.7,
19:21:26 01/02/20,34,38,33,34,,,33,48,0,2493.28,,36,60,2,2493.28,,32,47,1,2493.28,,33,51,1,2493.28,3.3,
19:21:56 01/02/20,34,38,34,35,,,33,48,0,2493.28,,36,60,2,2493.28,,32,47,1,2493.28,,33,51,0,2493.28,2.9,
19:22:26 01/02/20,34,38,34,35,,,33,48,2,2493.28,,36,60,3,2493.28,,32,47,3,2493.28,,33,51,0,2493.28,4.6,
19:22:56 01/02/20,34,37,34,35,,,33,48,1,2493.28,,36,60,0,2493.28,,32,47,0,2493.28,,33,51,2,2493.28,3.0,
19:23:26 01/02/20,34,37,34,34,,,33,48,0,2493.28,,36,60,0,2493.28,,32,47,2,2493.28,,33,51,2,2493.28,3.3,
19:23:56 01/02/20,36,46,34,37,,,33,48,16,2493.28,,36,60,18,2493.28,,32,47,1,2493.28,,33,51,5,2493.28,5.6,
19:24:26 01/02/20,34,38,33,34,,,33,48,0,2493.28,,36,60,1,2493.28,,32,47,2,2493.28,,33,51,2,2493.28,3.3,
19:24:56 01/02/20,34,38,33,34,,,33,48,3,2493.28,,36,60,6,2493.28,,32,47,1,2493.28,,33,51,3,2493.28,3.3,
19:25:26 01/02/20,36,39,34,35,,,33,48,4,2493.28,,36,60,4,2493.28,,32,47,0,2493.28,,33,51,1,2493.28,3.0,
19:25:56 01/02/20,35,39,34,35,,,33,48,2,2493.28,,36,60,5,2493.28,,32,47,3,2493.28,,33,51,1,2493.28,3.3,
19:26:26 01/02/20,34,37,33,34,,,33,48,0,2493.28,,36,60,0,2493.28,,32,47,1,2493.28,,33,51,1,2493.28,2.8,
19:26:56 01/02/20,37,41,35,42,,,33,48,21,2493.28,,36,60,6,2493.28,,32,47,32,2493.28,,33,51,33,2493.28,10.8,
19:27:26 01/02/20,36,44,34,37,,,33,48,1,2493.28,,36,60,6,2493.28,,32,47,7,2493.28,,33,51,3,2493.28,4.4,
19:27:56 01/02/20,35,38,33,34,,,33,48,0,2493.28,,36,60,1,2493.28,,32,47,3,2493.28,,33,51,1,2493.28,3.7,
19:28:26 01/02/20,34,38,34,35,,,33,48,0,2493.28,,36,60,0,2493.28,,32,47,0,2493.28,,33,51,0,2493.28,3.1,
19:28:56 01/02/20,34,37,33,34,,,33,48,0,2493.28,,36,60,1,2493.28,,32,47,3,2493.28,,33,51,1,2493.28,3.4,
19:29:26 01/02/20,35,38,34,34,,,33,48,22,2493.28,,36,60,5,2493.28,,32,47,4,2493.28,,33,51,1,2493.28,4.6,
19:29:56 01/02/20,34,37,34,34,,,33,48,0,2493.28,,36,60,0,2493.28,,32,47,2,2493.28,,33,51,2,2493.28,3.3,
19:30:26 01/02/20,34,37,33,34,,,33,48,0,2493.28,,36,60,0,2493.28,,32,47,3,2493.28,,33,51,0,2493.28,2.8,
19:30:56 01/02/20,36,38,34,34,,,33,48,1,2493.28,,36,60,0,2493.28,,32,47,0,2493.28,,33,51,2,2493.28,3.4,
19:31:26 01/02/20,34,37,33,35,,,33,48,1,2493.28,,36,60,1,2493.28,,32,47,0,2493.28,,33,51,1,2493.28,3.0,
19:31:56 01/02/20,34,37,33,34,,,33,48,0,2493.28,,36,60,1,2493.28,,32,47,2,2493.28,,33,51,0,2493.28,3.3,
19:32:26 01/02/20,34,37,34,34,,,33,48,1,2493.28,,36,60,1,2493.28,,32,47,0,2493.28,,33,51,1,2493.28,3.3,
19:32:56 01/02/20,34,38,33,34,,,33,48,0,2493.28,,36,60,2,2493.28,,32,47,0,2493.28,,33,51,3,2493.28,3.0,
19:33:26 01/02/20,34,37,34,34,,,33,48,0,2493.28,,36,60,0,2493.28,,32,47,1,2493.28,,33,51,0,2493.28,3.3,
19:33:56 01/02/20,35,38,33,34,,,33,48,3,2493.28,,36,60,1,2493.28,,32,47,0,2493.28,,33,51,0,2493.28,2.8,
19:34:26 01/02/20,34,37,33,34,,,33,48,1,2493.28,,36,60,2,2493.28,,32,47,2,2493.28,,33,51,2,2493.28,3.4,
19:34:56 01/02/20,35,38,34,34,,,33,48,11,2493.28,,36,60,11,2493.28,,32,47,10,2493.28,,33,51,5,2493.28,6.3,
19:35:26 01/02/20,34,37,33,34,,,33,48,2,2493.28,,36,60,1,2493.28,,32,47,2,2493.28,,33,51,1,2493.28,3.4,
19:35:56 01/02/20,34,37,33,34,,,33,48,1,2493.28,,36,60,0,2493.28,,32,47,0,2493.28,,33,51,1,2493.28,2.8,
19:36:26 01/02/20,34,37,33,34,,,33,48,0,2493.28,,36,60,1,2493.28,,32,47,0,2493.28,,33,51,1,2493.28,2.9,
19:36:56 01/02/20,35,39,33,35,,,33,48,5,2493.28,,36,60,3,2493.28,,32,47,2,2493.28,,33,51,5,2493.28,3.5,
19:37:26 01/02/20,34,38,33,34,,,33,48,2,2493.28,,36,60,3,2493.28,,32,47,2,2493.28,,33,51,3,2493.28,4.0,
19:37:56 01/02/20,34,37,33,34,,,33,48,0,2493.28,,36,60,1,2493.28,,32,47,0,2493.28,,33,51,1,2493.28,2.9,
19:38:26 01/02/20,34,37,33,34,,,33,48,1,2493.28,,36,60,0,2493.28,,32,47,1,2493.28,,33,51,4,2493.28,3.3,
19:38:56 01/02/20,34,37,33,34,,,33,48,0,2493.28,,36,60,0,2493.28,,32,47,1,2493.28,,33,51,0,2493.28,2.8,
19:39:26 01/02/20,34,37,33,34,,,33,48,0,2493.28,,36,60,2,2493.28,,32,47,1,2493.28,,33,51,3,2493.28,2.9,
19:39:56 01/02/20,33,37,32,34,,,33,48,0,2493.28,,36,60,1,2493.28,,32,47,0,2493.28,,33,51,2,2493.28,3.5,
19:40:26 01/02/20,35,39,33,35,,,33,48,17,2493.28,,36,60,16,2493.28,,32,47,7,2493.28,,33,51,10,2493.28,6.4,
19:40:56 01/02/20,34,37,33,34,,,33,48,1,2493.28,,36,60,1,2493.28,,32,47,2,2493.28,,33,51,1,2493.28,3.3,
19:41:26 01/02/20,34,37,32,34,,,33,48,3,2493.28,,36,60,1,2493.28,,32,47,1,2493.28,,33,51,2,2493.28,2.9,
19:41:56 01/02/20,38,41,37,39,,,33,48,24,2493.28,,36,60,5,2493.28,,32,47,11,2493.28,,33,51,1,2493.28,7.9,
19:42:26 01/02/20,34,38,34,35,,,33,48,4,2493.28,,36,60,6,2493.28,,32,47,3,2493.28,,33,51,6,2493.28,4.2,
19:42:56 01/02/20,33,37,33,34,,,33,48,0,2493.28,,36,60,2,2493.28,,32,47,0,2493.28,,33,51,2,2493.28,2.8,
19:43:26 01/02/20,33,37,32,34,,,33,48,1,2493.28,,36,60,0,2493.28,,32,47,1,2493.28,,33,51,0,2493.28,3.0,
19:43:56 01/02/20,33,37,33,34,,,33,48,0,2493.28,,36,60,2,2493.28,,32,47,1,2493.28,,33,51,2,2493.28,3.3,
19:44:26 01/02/20,34,37,32,34,,,33,48,1,2493.28,,36,60,1,2493.28,,32,47,2,2493.28,,33,51,1,2493.28,2.9,
19:44:56 01/02/20,34,37,32,34,,,33,48,0,2493.28,,36,60,2,2493.28,,32,47,0,2493.28,,33,51,2,2493.28,3.0,
19:45:26 01/02/20,34,37,32,34,,,33,48,0,2493.28,,36,60,0,2493.28,,32,47,0,2493.28,,33,51,1,2493.28,3.4,
19:45:56 01/02/20,33,37,33,33,,,32,48,0,2493.28,,36,60,1,2493.28,,32,47,1,2493.28,,33,51,0,2493.28,2.8,
19:46:26 01/02/20,34,37,32,34,,,32,48,0,2493.28,,36,60,1,2493.28,,32,47,1,2493.28,,33,51,2,2493.28,3.5,
19:46:56 01/02/20,36,39,33,35,,,32,48,15,2493.28,,36,60,8,2493.28,,32,47,1,2493.28,,33,51,2,2493.28,6.2,
19:47:26 01/02/20,34,37,33,34,,,32,48,1,2493.28,,36,60,1,2493.28,,32,47,0,2493.28,,33,51,1,2493.28,3.3,
19:47:56 01/02/20,34,38,35,35,,,32,48,0,2493.28,,36,60,0,2493.28,,32,47,0,2493.28,,33,51,0,2493.28,2.8,
19:48:26 01/02/20,34,37,32,34,,,32,48,3,2493.28,,36,60,3,2493.28,,32,47,1,2493.28,,33,51,1,2493.28,3.9,
19:48:56 01/02/20,35,41,34,35,,,32,48,3,2493.28,,36,60,7,2493.28,,32,47,3,2493.28,,33,51,7,2493.28,4.8,
19:49:26 01/02/20,33,37,32,34,,,32,48,2,2493.28,,36,60,4,2493.28,,32,47,1,2493.28,,33,51,2,2493.28,3.3,
19:49:56 01/02/20,34,37,33,34,,,32,48,0,2493.28,,36,60,0,2493.28,,32,47,1,2493.28,,33,51,0,2493.28,2.8,
19:50:26 01/02/20,34,37,33,34,,,32,48,2,2493.28,,36,60,3,2493.28,,32,47,3,2493.28,,33,51,0,2493.28,3.0,
19:50:56 01/02/20,33,37,33,34,,,32,48,1,2493.28,,36,60,0,2493.28,,32,47,3,2493.28,,33,51,2,2493.28,3.2,
19:51:26 01/02/20,33,37,33,34,,,32,48,0,2493.28,,36,60,2,2493.28,,32,47,3,2493.28,,33,51,0,2493.28,3.4,
19:51:56 01/02/20,34,37,32,34,,,32,48,0,2493.28,,36,60,3,2493.28,,32,47,0,2493.28,,33,51,1,2493.28,2.8,
19:52:26 01/02/20,38,41,34,36,,,32,48,13,2493.28,,36,60,22,2493.28,,32,47,4,2493.28,,33,51,5,2493.28,6.0,
19:52:56 01/02/20,34,37,33,34,,,32,48,0,2493.28,,36,60,2,2493.28,,32,47,0,2493.28,,33,51,0,2493.28,2.8,
19:53:26 01/02/20,34,37,32,34,,,32,48,1,2493.28,,36,60,0,2493.28,,32,47,2,2493.28,,33,51,0,2493.28,2.8,
19:53:56 01/02/20,33,37,33,34,,,32,48,3,2493.28,,36,60,5,2493.28,,32,47,5,2493.28,,33,51,2,2493.28,3.3,
19:54:26 01/02/20,34,37,33,34,,,32,48,0,2493.28,,36,60,1,2493.28,,32,47,0,2493.28,,33,51,1,2493.28,2.9,
19:54:56 01/02/20,33,37,32,34,,,32,48,0,2493.28,,36,60,0,2493.28,,32,47,3,2493.28,,33,51,0,2493.28,3.5,
19:55:26 01/02/20,32,37,32,34,,,32,48,0,2493.28,,36,60,4,2493.28,,32,47,1,2493.28,,33,51,0,2493.28,3.4,
19:55:56 01/02/20,34,37,33,34,,,32,48,0,2493.28,,36,60,1,2493.28,,32,47,2,2493.28,,33,51,1,2493.28,2.8,
19:56:26 01/02/20,33,37,32,34,,,32,48,2,2493.28,,36,60,3,2493.28,,32,47,3,2493.28,,33,51,2,2493.28,2.9,
19:56:56 01/02/20,40,39,35,35,,,32,48,10,2493.28,,36,60,2,2493.28,,32,47,16,2493.28,,33,51,1,2493.28,5.7,
19:57:26 01/02/20,37,41,33,41,,,32,48,28,2493.28,,36,60,2,2493.28,,32,47,4,2493.28,,33,51,25,2493.28,7.5,
19:57:56 01/02/20,36,40,36,36,,,32,48,15,2493.28,,36,60,5,2493.28,,32,47,22,2493.28,,33,51,8,2493.28,7.6,
19:58:26 01/02/20,34,38,36,35,,,32,48,0,2493.28,,36,60,1,2493.28,,32,47,0,2493.28,,33,51,1,2493.28,2.9,
19:58:56 01/02/20,33,37,32,34,,,32,48,1,2493.28,,36,60,2,2493.28,,32,47,0,2493.28,,33,51,4,2493.28,3.3,
19:59:26 01/02/20,34,37,33,34,,,32,48,1,2493.28,,36,60,0,2493.28,,32,47,0,2493.28,,33,51,1,2493.28,2.9,
19:59:56 01/02/20,33,37,33,34,,,32,48,0,2493.28,,36,60,0,2493.28,,32,47,2,2493.28,,33,51,0,2493.28,3.3,
20:00:26 01/02/20,34,37,33,34,,,32,48,0,2493.28,,36,60,0,2493.28,,32,47,0,2493.28,,33,51,1,2493.28,2.7,
20:00:56 01/02/20,34,37,32,34,,,32,48,1,2493.28,,36,60,1,2493.28,,32,47,1,2493.28,,33,51,1,2493.28,3.0,
20:01:26 01/02/20,34,37,33,34,,,32,48,1,2493.28,,36,60,2,2493.28,,32,47,1,2493.28,,33,51,2,2493.28,3.3,
20:01:56 01/02/20,34,37,33,34,,,32,48,0,2493.28,,36,60,1,2493.28,,32,47,1,2493.28,,33,51,0,2493.28,2.9,
20:02:26 01/02/20,34,37,33,34,,,32,48,2,2493.28,,36,60,3,2493.28,,32,47,2,2493.28,,33,51,1,2493.28,3.4,
20:02:56 01/02/20,34,37,33,34,,,32,48,1,2493.28,,36,60,2,2493.28,,32,47,1,2493.28,,33,51,2,2493.28,3.3,
20:03:26 01/02/20,35,38,34,34,,,32,48,12,2493.28,,36,60,11,2493.28,,32,47,1,2493.28,,33,51,5,2493.28,6.5,
20:03:56 01/02/20,34,37,32,34,,,32,48,0,2493.28,,36,60,0,2493.28,,32,47,2,2493.28,,33,51,1,2493.28,3.3,
20:04:26 01/02/20,34,37,32,34,,,32,48,0,2493.28,,36,60,0,2493.28,,32,47,0,2493.28,,33,51,0,2493.28,2.8,
20:04:56 01/02/20,33,37,33,34,,,32,48,0,2493.28,,36,60,1,2493.28,,32,47,3,2493.28,,33,51,2,2493.28,3.3,
20:05:26 01/02/20,35,38,33,35,,,32,48,8,2493.28,,36,60,4,2493.28,,32,47,8,2493.28,,33,51,4,2493.28,6.8,
20:05:56 01/02/20,34,37,33,33,,,32,48,0,2493.28,,36,60,1,2493.28,,32,47,1,2493.28,,33,51,0,2493.28,2.9,
20:06:26 01/02/20,34,37,33,34,,,32,48,1,2493.28,,36,60,2,2493.28,,32,47,2,2493.28,,33,51,0,2493.28,3.3,
20:06:56 01/02/20,35,39,34,35,,,32,48,3,2493.28,,36,60,7,2493.28,,32,47,5,2493.28,,33,51,10,2493.28,5.4,
20:07:26 01/02/20,34,37,33,34,,,32,48,0,2493.28,,36,60,1,2493.28,,32,47,5,2493.28,,33,51,0,2493.28,3.5,
20:07:56 01/02/20,36,41,34,38,,,32,48,2,2493.28,,36,60,2,2493.28,,32,47,4,2493.28,,33,51,1,2493.28,3.2,
20:08:26 01/02/20,33,37,33,34,,,32,48,3,2493.28,,36,60,1,2493.28,,32,47,1,2493.28,,33,51,1,2493.28,3.9,
20:08:56 01/02/20,34,37,33,34,,,32,48,4,2493.28,,36,60,4,2493.28,,32,47,3,2493.28,,33,51,2,2493.28,3.0,
20:09:26 01/02/20,35,39,34,35,,,32,48,4,2493.28,,36,60,5,2493.28,,32,47,4,2493.28,,33,51,6,2493.28,6.3,
20:09:56 01/02/20,34,39,33,35,,,32,48,13,2493.28,,36,60,11,2493.28,,32,47,4,2493.28,,33,51,3,2493.28,4.4,
20:10:26 01/02/20,34,38,33,35,,,32,48,1,2493.28,,36,60,1,2493.28,,32,47,1,2493.28,,33,51,1,2493.28,2.9,
20:10:56 01/02/20,34,37,33,34,,,32,48,0,2493.28,,36,60,1,2493.28,,32,47,1,2493.28,,33,51,0,2493.28,3.4,
20:11:26 01/02/20,35,41,35,35,,,32,48,0,2493.28,,36,60,0,2493.28,,32,47,1,2493.28,,33,51,0,2493.28,2.8,
20:11:56 01/02/20,36,39,39,35,,,32,48,2,2493.28,,36,60,4,2493.28,,32,47,15,2493.28,,33,51,3,2493.28,4.8,
20:12:26 01/02/20,34,37,33,34,,,32,48,0,2493.28,,36,60,0,2493.28,,32,47,1,2493.28,,33,51,0,2493.28,3.0,
20:12:56 01/02/20,36,39,34,35,,,32,48,2,2493.28,,36,60,2,2493.28,,32,47,4,2493.28,,33,51,3,2493.28,5.9,
20:13:26 01/02/20,34,37,33,34,,,32,48,0,2493.28,,36,60,3,2493.28,,32,47,0,2493.28,,33,51,1,2493.28,3.0,
20:13:56 01/02/20,34,37,34,34,,,32,48,0,2493.28,,36,60,2,2493.28,,32,47,0,2493.28,,33,51,0,2493.28,3.3,
20:14:26 01/02/20,35,39,33,35,,,32,48,2,2493.28,,36,60,3,2493.28,,32,47,1,2493.28,,33,51,1,2493.28,2.9,
20:14:56 01/02/20,36,39,34,35,,,32,48,5,2493.28,,36,60,4,2493.28,,32,47,6,2493.28,,33,51,7,2493.28,5.8,
20:15:26 01/02/20,38,40,34,36,,,32,48,20,2493.28,,36,60,11,2493.28,,32,47,3,2493.28,,33,51,6,2493.28,6.4,
20:15:56 01/02/20,34,39,34,35,,,32,48,5,2493.28,,36,60,1,2493.28,,32,47,1,2493.28,,33,51,2,2493.28,3.2,
20:16:26 01/02/20,35,39,34,35,,,32,48,4,2493.28,,36,60,2,2493.28,,32,47,3,2493.28,,33,51,3,2493.28,4.7,
20:16:56 01/02/20,34,38,33,34,,,32,48,1,2493.28,,36,60,3,2493.28,,32,47,2,2493.28,,33,51,3,2493.28,3.2,
20:17:26 01/02/20,35,37,33,35,,,32,48,0,2493.28,,36,60,0,2493.28,,32,47,1,2493.28,,33,51,1,2493.28,3.2,
20:17:56 01/02/20,36,40,35,36,,,32,48,4,2493.28,,36,60,3,2493.28,,32,47,5,2493.28,,33,51,2,2493.28,6.2,
20:18:26 01/02/20,34,38,34,34,,,32,48,0,2493.28,,36,60,2,2493.28,,32,47,0,2493.28,,33,51,1,2493.28,2.8,
20:18:56 01/02/20,35,38,34,34,,,32,48,1,2493.28,,36,60,3,2493.28,,32,47,1,2493.28,,33,51,1,2493.28,3.3,
20:19:26 01/02/20,38,41,36,37,,,32,48,2,2493.28,,36,60,3,2493.28,,32,47,1,2493.28,,33,51,3,2493.28,5.4,
20:19:56 01/02/20,38,41,36,37,,,32,48,3,2493.28,,36,60,2,2493.28,,32,47,2,2493.28,,33,51,5,2493.28,4.7,
20:20:26 01/02/20,37,42,35,37,,,32,48,1,2493.28,,36,60,2,2493.28,,32,47,0,2493.28,,33,51,2,2493.28,3.7,
20:20:56 01/02/20,37,40,35,37,,,32,48,12,2493.28,,36,60,11,2493.28,,32,47,5,2493.28,,33,51,11,2493.28,7.3,
20:21:26 01/02/20,38,42,37,37,,,32,48,4,2493.28,,36,60,1,2493.28,,32,47,2,2493.28,,33,51,1,2493.28,6.3,
20:21:56 01/02/20,37,41,36,37,,,32,48,3,2493.28,,36,60,2,2493.28,,32,47,2,2493.28,,33,51,2,2493.28,4.0,
20:22:26 01/02/20,37,40,35,36,,,32,48,1,2493.28,,36,60,4,2493.28,,32,47,2,2493.28,,33,51,2,2493.28,4.2,
20:22:56 01/02/20,39,49,38,42,,,32,48,24,2493.28,,36,60,6,2493.28,,32,47,5,2493.28,,33,51,24,2493.28,7.9,
20:23:26 01/02/20,36,40,35,37,,,32,48,1,2493.28,,36,60,3,2493.28,,32,47,2,2493.28,,33,51,4,2493.28,5.7,
20:23:56 01/02/20,36,40,35,36,,,32,48,3,2493.28,,36,60,1,2493.28,,32,47,6,2493.28,,33,51,3,2493.28,5.1,
20:24:26 01/02/20,36,39,35,36,,,32,48,1,2493.28,,36,60,3,2493.28,,32,47,2,2493.28,,33,51,6,2493.28,4.5,
20:24:56 01/02/20,36,39,35,35,,,32,48,0,2493.28,,36,60,3,2493.28,,32,47,0,2493.28,,33,51,1,2493.28,3.4,
20:25:26 01/02/20,36,39,35,35,,,32,48,1,2493.28,,36,60,0,2493.28,,32,47,2,2493.28,,33,51,3,2493.28,4.0,
20:25:56 01/02/20,35,39,35,35,,,32,48,1,2493.28,,36,60,4,2493.28,,32,47,2,2493.28,,33,51,1,2493.28,3.5,
20:26:26 01/02/20,36,39,35,36,,,32,48,9,2493.28,,36,60,6,2493.28,,32,47,21,2493.28,,33,51,15,2493.28,5.8,
20:26:56 01/02/20,38,41,41,37,,,32,48,3,2493.28,,36,60,4,2493.28,,32,47,7,2493.28,,33,51,5,2493.28,4.3,
20:27:26 01/02/20,36,39,34,35,,,32,48,2,2493.28,,36,60,2,2493.28,,32,47,4,2493.28,,33,51,2,2493.28,3.7,
20:27:56 01/02/20,35,39,35,35,,,32,48,2,2493.28,,36,60,1,2493.28,,32,47,2,2493.28,,33,51,2,2493.28,4.0,
20:28:26 01/02/20,36,39,34,36,,,32,48,2,2493.28,,36,60,3,2493.28,,32,47,4,2493.28,,33,51,3,2493.28,3.9,
20:28:56 01/02/20,36,39,34,35,,,32,48,1,2493.28,,36,60,2,2493.28,,32,47,4,2493.28,,33,51,5,2493.28,3.5,
20:29:26 01/02/20,36,39,35,35,,,32,48,3,2493.28,,36,60,2,2493.28,,32,47,2,2493.28,,33,51,3,2493.28,3.9,
20:29:56 01/02/20,36,39,35,35,,,32,48,1,2493.28,,36,60,2,2493.28,,32,47,1,2493.28,,33,51,6,2493.28,4.7,
20:30:26 01/02/20,36,39,34,36,,,32,48,0,2493.28,,36,60,1,2493.28,,32,47,3,2493.28,,33,51,3,2493.28,3.6,
20:30:56 01/02/20,35,39,34,35,,,32,48,2,2493.28,,36,60,2,2493.28,,32,47,5,2493.28,,33,51,5,2493.28,4.0,
20:31:26 01/02/20,36,41,35,36,,,32,48,1,2493.28,,36,60,3,2493.28,,32,47,2,2493.28,,33,51,3,2493.28,4.0,
20:31:56 01/02/20,36,38,35,37,,,32,48,3,2493.28,,36,60,2,2493.28,,32,47,2,2493.28,,33,51,3,2493.28,4.0,
20:32:26 01/02/20,37,42,36,37,,,32,48,1,2493.28,,36,60,2,2493.28,,32,47,3,2493.28,,33,51,4,2493.28,4.0,
20:32:56 01/02/20,40,46,37,40,,,32,48,21,2493.28,,36,60,17,2493.28,,32,47,16,2493.28,,33,51,21,2493.28,8.7,
20:33:26 01/02/20,39,43,37,38,,,32,48,0,2493.28,,36,60,2,2493.28,,32,47,4,2493.28,,33,51,3,2493.28,5.6,
20:33:56 01/02/20,36,40,36,36,,,32,48,0,2493.28,,36,60,1,2493.28,,32,47,1,2493.28,,33,51,2,2493.28,2.8,
20:34:26 01/02/20,36,39,35,35,,,32,48,1,2493.28,,36,60,1,2493.28,,32,47,2,2493.28,,33,51,2,2493.28,3.4,
20:34:56 01/02/20,36,39,35,36,,,32,48,2,2493.28,,36,60,3,2493.28,,32,47,1,2493.28,,33,51,2,2493.28,3.3,
20:35:26 01/02/20,36,38,35,35,,,32,48,0,2493.28,,36,60,1,2493.28,,32,47,2,2493.28,,33,51,0,2493.28,2.8,
20:35:56 01/02/20,35,38,35,35,,,32,48,2,2493.28,,36,60,2,2493.28,,32,47,0,2493.28,,33,51,3,2493.28,3.7,
20:36:26 01/02/20,35,38,35,35,,,32,48,2,2493.28,,36,60,2,2493.28,,32,47,0,2493.28,,33,51,0,2493.28,2.7,
20:36:56 01/02/20,36,39,39,36,,,32,48,1,2493.28,,36,60,1,2493.28,,32,47,4,2493.28,,33,51,1,2493.28,2.9,
20:37:26 01/02/20,36,39,35,36,,,32,48,0,2493.28,,36,60,2,2493.28,,32,47,0,2493.28,,33,51,1,2493.28,3.3,
20:37:56 01/02/20,36,39,34,35,,,32,48,0,2493.28,,36,60,3,2493.28,,32,47,0,2493.28,,33,51,0,2493.28,3.0,
20:38:26 01/02/20,36,39,34,36,,,32,48,12,2493.28,,36,60,5,2493.28,,32,47,17,2493.28,,33,51,12,2493.28,7.4,
20:38:56 01/02/20,35,38,33,34,,,32,48,3,2493.28,,36,60,1,2493.28,,32,47,1,2493.28,,33,51,2,2493.28,3.4,
20:39:26 01/02/20,34,38,34,35,,,32,48,1,2493.28,,36,60,3,2493.28,,32,47,2,2493.28,,33,51,1,2493.28,3.4,
20:39:56 01/02/20,35,39,34,35,,,32,48,1,2493.28,,36,60,1,2493.28,,32,47,5,2493.28,,33,51,0,2493.28,3.3,
20:40:26 01/02/20,34,37,33,34,,,32,48,0,2493.28,,36,60,1,2493.28,,32,47,1,2493.28,,33,51,2,2493.28,3.0,
20:40:56 01/02/20,35,38,33,34,,,32,48,1,2493.28,,36,60,0,2493.28,,32,47,0,2493.28,,33,51,2,2493.28,3.2,
20:41:26 01/02/20,35,38,34,34,,,32,48,0,2493.28,,36,60,3,2493.28,,32,47,3,2493.28,,33,51,0,2493.28,3.9,
20:41:56 01/02/20,36,39,34,37,,,32,48,0,2493.28,,36,60,0,2493.28,,32,47,2,2493.28,,33,51,0,2493.28,2.8,
20:42:26 01/02/20,35,37,34,34,,,32,48,0,2493.28,,36,60,1,2493.28,,32,47,2,2493.28,,33,51,1,2493.28,3.3,
20:42:56 01/02/20,34,37,33,34,,,32,48,0,2493.28,,36,60,0,2493.28,,32,47,1,2493.28,,33,51,0,2493.28,2.7,
20:43:26 01/02/20,35,38,35,34,,,32,48,2,2493.28,,36,60,0,2493.28,,32,47,2,2493.28,,33,51,1,2493.28,3.5,
20:43:56 01/02/20,36,41,37,36,,,32,48,21,2493.28,,36,60,9,2493.28,,32,47,5,2493.28,,33,51,2,2493.28,6.1,
20:44:26 01/02/20,34,37,33,34,,,32,48,0,2493.28,,36,60,2,2493.28,,32,47,3,2493.28,,33,51,0,2493.28,3.2,
20:44:56 01/02/20,36,39,37,35,,,32,48,1,2493.28,,36,60,0,2493.28,,32,47,0,2493.28,,33,51,0,2493.28,2.8,
20:45:26 01/02/20,35,38,34,35,,,32,48,0,2493.28,,36,60,0,2493.28,,32,47,1,2493.28,,33,51,2,2493.28,3.3,
20:45:56 01/02/20,34,37,33,34,,,32,48,0,2493.28,,36,60,2,2493.28,,32,47,1,2493.28,,33,51,1,2493.28,2.9,
20:46:26 01/02/20,34,38,34,35,,,32,48,4,2493.28,,36,60,4,2493.28,,32,47,5,2493.28,,33,51,3,2493.28,3.9,
20:46:56 01/02/20,34,38,33,34,,,32,48,1,2493.28,,36,60,2,2493.28,,32,47,3,2493.28,,33,51,0,2493.28,2.7,
20:47:26 01/02/20,37,44,34,40,,,32,48,3,2493.28,,36,60,29,2493.28,,32,47,12,2493.28,,33,51,9,2493.28,7.1,
20:47:56 01/02/20,34,38,34,34,,,32,48,1,2493.28,,36,60,5,2493.28,,32,47,9,2493.28,,33,51,1,2493.28,5.4,
20:48:26 01/02/20,37,42,35,38,,,32,48,22,2493.28,,36,60,5,2493.28,,32,47,1,2493.28,,33,51,27,2493.28,7.3,
20:48:56 01/02/20,35,39,34,35,,,32,48,2,2493.28,,36,60,2,2493.28,,32,47,4,2493.28,,33,51,0,2493.28,3.5,
20:49:26 01/02/20,36,39,35,35,,,32,48,0,2493.28,,36,60,0,2493.28,,32,47,1,2493.28,,33,51,0,2493.28,2.8,
20:49:56 01/02/20,34,37,33,34,,,32,48,1,2493.28,,36,60,2,2493.28,,32,47,1,2493.28,,33,51,0,2493.28,3.3,
20:50:26 01/02/20,36,41,34,40,,,32,48,5,2493.28,,36,60,1,2493.28,,32,47,1,2493.28,,33,51,11,2493.28,5.3,
20:50:56 01/02/20,34,37,33,34,,,32,48,0,2493.28,,36,60,1,2493.28,,32,47,2,2493.28,,33,51,2,2493.28,3.3,
20:51:26 01/02/20,33,37,33,34,,,32,48,1,2493.28,,36,60,1,2493.28,,32,47,0,2493.28,,33,51,0,2493.28,2.7,
20:51:56 01/02/20,34,37,34,34,,,32,48,0,2493.28,,36,60,1,2493.28,,32,47,1,2493.28,,33,51,0,2493.28,2.8,
20:52:26 01/02/20,32,36,33,34,,,32,48,0,2493.28,,36,60,0,2493.28,,32,47,3,2493.28,,33,51,0,2493.28,3.5,
20:52:56 01/02/20,36,48,34,36,,,32,48,1,2493.28,,36,60,12,2493.28,,32,47,8,2493.28,,33,51,2,2493.28,4.0,
20:53:26 01/02/20,34,37,37,34,,,32,48,0,2493.28,,36,60,2,2493.28,,32,47,3,2493.28,,33,51,0,2493.28,3.3,
20:53:56 01/02/20,35,38,34,34,,,32,48,0,2493.28,,36,60,8,2493.28,,32,47,3,2493.28,,33,51,2,2493.28,4.3,
20:54:26 01/02/20,35,39,34,35,,,32,48,1,2493.28,,36,60,4,2493.28,,32,47,4,2493.28,,33,51,3,2493.28,6.5,
20:54:56 01/02/20,34,37,34,34,,,32,48,1,2493.28,,36,60,2,2493.28,,32,47,0,2493.28,,33,51,2,2493.28,3.1,
20:55:26 01/02/20,34,37,33,34,,,32,48,0,2493.28,,36,60,1,2493.28,,32,47,1,2493.28,,33,51,2,2493.28,2.9,
20:55:56 01/02/20,35,39,34,35,,,32,48,22,2493.28,,36,60,7,2493.28,,32,47,9,2493.28,,33,51,9,2493.28,5.7,
20:56:26 01/02/20,35,39,34,35,,,32,48,4,2493.28,,36,60,7,2493.28,,32,47,4,2493.28,,33,51,7,2493.28,6.7,
20:56:56 01/02/20,33,37,33,34,,,32,48,0,2493.28,,36,60,1,2493.28,,32,47,1,2493.28,,33,51,1,2493.28,2.8,
20:57:26 01/02/20,34,38,33,34,,,32,48,1,2493.28,,36,60,3,2493.28,,32,47,0,2493.28,,33,51,0,2493.28,3.8,
20:57:56 01/02/20,34,37,33,34,,,32,48,1,2493.28,,36,60,1,2493.28,,32,47,2,2493.28,,33,51,1,2493.28,3.0,
20:58:26 01/02/20,35,40,34,35,,,32,48,6,2493.28,,36,60,4,2493.28,,32,47,4,2493.28,,33,51,4,2493.28,7.2,
20:58:56 01/02/20,34,37,33,34,,,32,48,0,2493.28,,36,60,2,2493.28,,32,47,2,2493.28,,33,51,0,2493.28,3.3,
20:59:26 01/02/20,34,38,33,34,,,32,48,0,2493.28,,36,60,2,2493.28,,32,47,2,2493.28,,33,51,0,2493.28,2.9,
20:59:56 01/02/20,33,37,32,34,,,32,48,1,2493.28,,36,60,3,2493.28,,32,47,2,2493.28,,33,51,0,2493.28,3.0,
21:00:26 01/02/20,34,38,33,34,,,32,48,3,2493.28,,36,60,2,2493.28,,32,47,4,2493.28,,33,51,3,2493.28,3.3,
21:00:56 01/02/20,33,37,32,34,,,32,48,0,2493.28,,36,60,2,2493.28,,32,47,0,2493.28,,33,51,1,2493.28,2.9,
21:01:26 01/02/20,36,40,34,35,,,32,48,20,2493.28,,36,60,10,2493.28,,32,47,3,2493.28,,33,51,4,2493.28,6.9,
21:01:56 01/02/20,33,37,33,33,,,32,48,0,2493.28,,36,60,0,2493.28,,32,47,1,2493.28,,33,51,2,2493.28,2.7,
21:02:26 01/02/20,33,37,33,34,,,32,48,0,2493.28,,36,60,0,2493.28,,32,47,2,2493.28,,33,51,1,2493.28,2.9,
21:02:56 01/02/20,33,37,33,34,,,32,48,0,2493.28,,36,60,1,2493.28,,32,47,1,2493.28,,33,51,1,2493.28,3.3,
21:03:26 01/02/20,33,37,33,34,,,32,48,0,2493.28,,36,60,0,2493.28,,32,47,0,2493.28,,33,51,1,2493.28,2.8,
21:03:56 01/02/20,34,37,33,34,,,32,48,0,2493.28,,36,60,2,2493.28,,32,47,2,2493.28,,33,51,0,2493.28,3.2,
21:04:26 01/02/20,34,38,33,34,,,32,48,1,2493.28,,36,60,2,2493.28,,32,47,1,2493.28,,33,51,1,2493.28,2.7,
21:04:56 01/02/20,34,37,33,34,,,32,48,0,2493.28,,36,60,1,2493.28,,32,47,3,2493.28,,33,51,0,2493.28,3.2,
21:05:26 01/02/20,34,41,35,35,,,32,48,0,2493.28,,36,60,2,2493.28,,32,47,0,2493.28,,33,51,0,2493.28,2.8,
21:05:56 01/02/20,34,37,33,34,,,32,48,0,2493.28,,36,60,0,2493.28,,32,47,1,2493.28,,33,51,1,2493.28,3.3,
21:06:26 01/02/20,33,37,32,33,,,32,48,0,2493.28,,36,60,1,2493.28,,32,47,1,2493.28,,33,51,3,2493.28,4.1,
21:06:56 01/02/20,34,38,34,34,,,32,48,20,2493.28,,36,60,4,2493.28,,32,47,4,2493.28,,33,51,2,2493.28,5.6,
21:07:26 01/02/20,33,37,33,34,,,32,48,2,2493.28,,36,60,4,2493.28,,32,47,2,2493.28,,33,51,2,2493.28,3.3,
21:07:56 01/02/20,34,37,32,34,,,32,48,1,2493.28,,36,60,3,2493.28,,32,47,0,2493.28,,33,51,0,2493.28,3.0,
21:08:26 01/02/20,34,37,33,33,,,32,48,0,2493.28,,36,60,1,2493.28,,32,47,1,2493.28,,33,51,2,2493.28,3.4,
21:08:56 01/02/20,34,37,33,34,,,32,48,1,2493.28,,36,60,2,2493.28,,32,47,4,2493.28,,33,51,4,2493.28,3.6,
21:09:26 01/02/20,34,38,36,34,,,32,48,0,2493.28,,36,60,0,2493.28,,32,47,1,2493.28,,33,51,1,2493.28,2.7,
21:09:56 01/02/20,34,38,33,34,,,32,48,0,2493.28,,36,60,3,2493.28,,32,47,2,2493.28,,33,51,2,2493.28,3.1,
21:10:26 01/02/20,34,37,33,33,,,32,48,1,2493.28,,36,60,0,2493.28,,32,47,0,2493.28,,33,51,0,2493.28,3.3,
21:10:56 01/02/20,33,37,33,34,,,32,48,2,2493.28,,36,60,2,2493.28,,32,47,2,2493.28,,33,51,2,2493.28,2.9,
21:11:26 01/02/20,34,37,33,34,,,32,48,0,2493.28,,36,60,0,2493.28,,32,47,2,2493.28,,33,51,0,2493.28,3.2,
21:11:56 01/02/20,33,37,32,33,,,32,48,2,2493.28,,36,60,1,2493.28,,32,47,1,2493.28,,33,51,1,2493.28,2.8,
21:12:26 01/02/20,34,37,33,34,,,32,48,7,2493.28,,36,60,3,2493.28,,32,47,1,2493.28,,33,51,4,2493.28,4.7,
21:12:56 01/02/20,36,40,35,37,,,32,48,7,2493.28,,36,60,4,2493.28,,32,47,5,2493.28,,33,51,5,2493.28,4.5,
21:13:26 01/02/20,37,51,33,37,,,32,48,14,2493.28,,36,60,30,2493.28,,32,47,13,2493.28,,33,51,6,2493.28,8.2,
21:13:56 01/02/20,36,39,35,35,,,32,48,2,2493.28,,36,60,1,2493.28,,32,47,1,2493.28,,33,51,2,2493.28,3.0,
21:14:26 01/02/20,35,39,34,35,,,32,48,1,2493.28,,36,60,0,2493.28,,32,47,0,2493.28,,33,51,1,2493.28,2.8,
21:14:56 01/02/20,36,41,35,37,,,32,48,0,2493.28,,36,60,3,2493.28,,32,47,1,2493.28,,33,51,4,2493.28,3.3,
21:15:26 01/02/20,35,38,34,35,,,32,48,0,2493.28,,36,60,2,2493.28,,32,47,3,2493.28,,33,51,3,2493.28,3.7,
21:15:56 01/02/20,34,37,34,35,,,32,48,0,2493.28,,36,60,0,2493.28,,32,47,3,2493.28,,33,51,0,2493.28,2.9,
21:16:26 01/02/20,36,39,34,35,,,32,48,0,2493.28,,36,60,7,2493.28,,32,47,1,2493.28,,33,51,0,2493.28,4.2,
21:16:56 01/02/20,36,40,35,36,,,32,48,5,2493.28,,36,60,2,2493.28,,32,47,1,2493.28,,33,51,2,2493.28,3.8,
21:17:26 01/02/20,39,44,37,39,,,32,48,30,2493.28,,36,60,6,2493.28,,32,47,2,2493.28,,33,51,1,2493.28,6.4,
21:17:56 01/02/20,37,41,36,38,,,32,48,4,2493.28,,36,60,4,2493.28,,32,47,2,2493.28,,33,51,4,2493.28,4.8,
21:18:26 01/02/20,36,39,35,36,,,32,48,1,2493.28,,36,60,2,2493.28,,32,47,1,2493.28,,33,51,0,2493.28,3.5,
21:18:56 01/02/20,39,47,37,40,,,32,48,32,2493.28,,36,60,19,2493.28,,32,47,12,2493.28,,33,51,32,2493.28,9.8,
21:19:26 01/02/20,37,41,36,38,,,32,48,4,2493.28,,36,60,4,2493.28,,32,47,2,2493.28,,33,51,1,2493.28,5.9,
21:19:56 01/02/20,36,40,35,36,,,32,48,1,2493.28,,36,60,1,2493.28,,32,47,3,2493.28,,33,51,0,2493.28,3.3,
21:20:26 01/02/20,35,38,35,35,,,32,48,4,2493.28,,36,60,0,2493.28,,32,47,0,2493.28,,33,51,1,2493.28,3.3,
21:20:56 01/02/20,35,38,34,34,,,32,48,1,2493.28,,36,60,0,2493.28,,32,47,1,2493.28,,33,51,0,2493.28,2.8,
21:21:26 01/02/20,35,38,34,35,,,32,48,0,2493.28,,36,60,3,2493.28,,32,47,2,2493.28,,33,51,0,2493.28,3.4,
21:21:56 01/02/20,35,38,34,35,,,32,48,2,2493.28,,36,60,1,2493.28,,32,47,1,2493.28,,33,51,1,2493.28,2.8,
21:22:26 01/02/20,34,38,34,35,,,32,48,1,2493.28,,36,60,1,2493.28,,32,47,4,2493.28,,33,51,0,2493.28,2.9,
21:22:56 01/02/20,34,38,33,35,,,32,48,1,2493.28,,36,60,1,2493.28,,32,47,0,2493.28,,33,51,0,2493.28,3.5,
21:23:26 01/02/20,35,39,34,35,,,32,48,2,2493.28,,36,60,1,2493.28,,32,47,2,2493.28,,33,51,1,2493.28,2.8,
21:23:56 01/02/20,35,38,33,34,,,32,48,1,2493.28,,36,60,1,2493.28,,32,47,2,2493.28,,33,51,0,2493.28,3.5,
21:24:26 01/02/20,38,41,35,37,,,32,48,11,2493.28,,36,60,0,2493.28,,32,47,9,2493.28,,33,51,1,2493.28,4.1,
21:24:56 01/02/20,34,37,34,34,,,32,48,2,2493.28,,36,60,1,2493.28,,32,47,0,2493.28,,33,51,2,2493.28,3.3,
21:25:26 01/02/20,34,38,34,34,,,32,48,0,2493.28,,36,60,2,2493.28,,32,47,1,2493.28,,33,51,0,2493.28,3.3,
21:25:56 01/02/20,34,38,33,34,,,32,48,1,2493.28,,36,60,2,2493.28,,32,47,0,2493.28,,33,51,1,2493.28,3.3,
21:26:26 01/02/20,34,37,33,34,,,32,48,0,2493.28,,36,60,1,2493.28,,32,47,0,2493.28,,33,51,1,2493.28,2.9,
21:26:56 01/02/20,34,37,33,34,,,32,48,1,2493.28,,36,60,1,2493.28,,32,47,2,2493.28,,33,51,1,2493.28,3.3,
21:27:26 01/02/20,34,37,33,35,,,32,48,0,2493.28,,36,60,2,2493.28,,32,47,1,2493.28,,33,51,1,2493.28,2.8,
21:27:56 01/02/20,34,37,33,34,,,32,48,0,2493.28,,36,60,2,2493.28,,32,47,2,2493.28,,33,51,2,2493.28,2.8,
21:28:26 01/02/20,33,37,33,35,,,32,48,2,2493.28,,36,60,2,2493.28,,32,47,1,2493.28,,33,51,1,2493.28,3.3,
21:28:56 01/02/20,34,38,34,35,,,32,48,0,2493.28,,36,60,3,2493.28,,32,47,1,2493.28,,33,51,0,2493.28,3.6,
21:29:26 01/02/20,35,38,34,35,,,32,48,2,2493.28,,36,60,1,2493.28,,32,47,3,2493.28,,33,51,0,2493.28,2.9,
21:29:56 01/02/20,35,39,34,36,,,32,48,14,2493.28,,36,60,6,2493.28,,32,47,2,2493.28,,33,51,20,2493.28,5.4,
21:30:26 01/02/20,35,39,34,35,,,32,48,1,2493.28,,36,60,2,2493.28,,32,47,4,2493.28,,33,51,2,2493.28,3.4,
21:30:56 01/02/20,34,38,33,34,,,32,48,2,2493.28,,36,60,1,2493.28,,32,47,0,2493.28,,33,51,1,2493.28,3.6,
21:31:26 01/02/20,34,37,33,35,,,32,48,0,2493.28,,36,60,1,2493.28,,32,47,1,2493.28,,33,51,0,2493.28,2.8,
21:31:56 01/02/20,34,37,33,34,,,32,48,2,2493.28,,36,60,2,2493.28,,32,47,1,2493.28,,33,51,2,2493.28,3.5,
21:32:26 01/02/20,34,37,33,34,,,32,48,0,2493.28,,36,60,2,2493.28,,32,47,1,2493.28,,33,51,1,2493.28,2.8,
21:32:56 01/02/20,34,37,33,34,,,32,48,1,2493.28,,36,60,2,2493.28,,32,47,1,2493.28,,33,51,3,2493.28,3.3,
21:33:26 01/02/20,34,37,33,34,,,32,48,0,2493.28,,36,60,0,2493.28,,32,47,1,2493.28,,33,51,2,2493.28,3.4,
21:33:56 01/02/20,34,37,33,34,,,32,48,0,2493.28,,36,60,2,2493.28,,32,47,1,2493.28,,33,51,4,2493.28,3.3,
21:34:26 01/02/20,34,37,33,34,,,32,48,1,2493.28,,36,60,2,2493.28,,32,47,4,2493.28,,33,51,1,2493.28,2.8,
21:34:56 01/02/20,36,45,33,35,,,32,48,4,2493.28,,36,60,7,2493.28,,32,47,3,2493.28,,33,51,0,2493.28,3.3,
21:35:26 01/02/20,36,41,34,40,,,32,48,12,2493.28,,36,60,7,2493.28,,32,47,5,2493.28,,33,51,7,2493.28,4.5,
21:35:56 01/02/20,34,37,33,34,,,32,48,1,2493.28,,36,60,1,2493.28,,32,47,0,2493.28,,33,51,1,2493.28,3.3,
21:36:26 01/02/20,35,38,33,34,,,32,48,1,2493.28,,36,60,3,2493.28,,32,47,2,2493.28,,33,51,4,2493.28,5.3,
21:36:56 01/02/20,38,38,32,34,,,32,48,1,2493.28,,36,60,3,2493.28,,32,47,1,2493.28,,33,51,2,2493.28,4.0,
21:37:26 01/02/20,33,37,32,34,,,32,48,1,2493.28,,36,60,2,2493.28,,32,47,0,2493.28,,33,51,0,2493.28,3.3,
21:37:56 01/02/20,34,38,32,34,,,32,48,3,2493.28,,36,60,7,2493.28,,32,47,0,2493.28,,33,51,2,2493.28,3.9,
21:38:26 01/02/20,33,37,32,34,,,32,48,2,2493.28,,36,60,1,2493.28,,32,47,1,2493.28,,33,51,0,2493.28,3.2,
21:38:56 01/02/20,33,37,32,34,,,32,48,0,2493.28,,36,60,2,2493.28,,32,47,0,2493.28,,33,51,0,2493.28,2.8,
21:39:26 01/02/20,37,42,35,44,,,32,48,23,2493.28,,36,60,22,2493.28,,32,47,2,2493.28,,33,51,9,2493.28,7.3,
21:39:56 01/02/20,35,39,34,35,,,32,48,2,2493.28,,36,60,1,2493.28,,32,47,1,2493.28,,33,51,0,2493.28,2.9,
21:40:26 01/02/20,34,38,34,34,,,32,48,0,2493.28,,36,60,4,2493.28,,32,47,2,2493.28,,33,51,1,2493.28,3.6,
21:40:56 01/02/20,34,37,33,34,,,32,48,3,2493.28,,36,60,2,2493.28,,32,47,0,2493.28,,33,51,1,2493.28,3.2,
21:41:26 01/02/20,34,37,33,34,,,32,48,2,2493.28,,36,60,1,2493.28,,32,47,0,2493.28,,33,51,0,2493.28,3.3,
21:41:56 01/02/20,37,39,34,36,,,32,48,15,2493.28,,36,60,6,2493.28,,32,47,2,2493.28,,33,51,1,2493.28,4.9,
21:42:26 01/02/20,34,37,33,34,,,32,48,1,2493.28,,36,60,1,2493.28,,32,47,0,2493.28,,33,51,0,2493.28,3.4,
21:42:56 01/02/20,34,37,34,34,,,32,48,0,2493.28,,36,60,1,2493.28,,32,47,1,2493.28,,33,51,0,2493.28,2.8,
21:43:26 01/02/20,35,38,34,35,,,32,48,3,2493.28,,36,60,3,2493.28,,32,47,6,2493.28,,33,51,5,2493.28,4.9,
21:43:56 01/02/20,34,37,33,34,,,32,48,3,2493.28,,36,60,2,2493.28,,32,47,2,2493.28,,33,51,4,2493.28,3.3,
21:44:26 01/02/20,37,41,34,42,,,32,48,23,2493.28,,36,60,3,2493.28,,32,47,8,2493.28,,33,51,26,2493.28,8.2,
21:44:56 01/02/20,34,38,34,34,,,32,48,4,2493.28,,36,60,3,2493.28,,32,47,5,2493.28,,33,51,4,2493.28,5.0,
21:45:26 01/02/20,34,37,33,34,,,32,48,1,2493.28,,36,60,1,2493.28,,32,47,1,2493.28,,33,51,1,2493.28,3.3,
21:45:56 01/02/20,34,37,33,34,,,32,48,0,2493.28,,36,60,2,2493.28,,32,47,1,2493.28,,33,51,2,2493.28,3.0,
21:46:26 01/02/20,34,38,34,34,,,32,48,0,2493.28,,36,60,2,2493.28,,32,47,1,2493.28,,33,51,0,2493.28,3.2,
21:46:56 01/02/20,35,38,34,35,,,32,48,10,2493.28,,36,60,3,2493.28,,32,47,3,2493.28,,33,51,7,2493.28,6.6,
21:47:26 01/02/20,37,41,35,36,,,32,48,18,2493.28,,36,60,4,2493.28,,32,47,3,2493.28,,33,51,1,2493.28,4.3,
21:47:56 01/02/20,34,37,32,34,,,32,48,0,2493.28,,36,60,0,2493.28,,32,47,1,2493.28,,33,51,1,2493.28,2.9,
21:48:26 01/02/20,34,37,33,34,,,32,48,2,2493.28,,36,60,2,2493.28,,32,47,0,2493.28,,33,51,3,2493.28,3.3,
21:48:56 01/02/20,34,38,35,34,,,32,48,1,2493.28,,36,60,0,2493.28,,32,47,1,2493.28,,33,51,0,2493.28,2.8,
21:49:26 01/02/20,34,38,34,35,,,32,48,1,2493.28,,36,60,5,2493.28,,32,47,1,2493.28,,33,51,1,2493.28,5.3,
21:49:56 01/02/20,35,38,34,35,,,32,48,2,2493.28,,36,60,0,2493.28,,32,47,1,2493.28,,33,51,0,2493.28,3.6,
21:50:26 01/02/20,35,37,33,35,,,32,48,1,2493.28,,36,60,1,2493.28,,32,47,1,2493.28,,33,51,0,2493.28,2.8,
21:50:56 01/02/20,34,37,33,34,,,32,48,2,2493.28,,36,60,1,2493.28,,32,47,0,2493.28,,33,51,2,2493.28,3.3,
21:51:26 01/02/20,36,40,34,36,,,32,48,7,2493.28,,36,60,5,2493.28,,32,47,1,2493.28,,33,51,1,2493.28,5.7,
21:51:56 01/02/20,34,37,33,35,,,32,48,0,2493.28,,36,60,0,2493.28,,32,47,1,2493.28,,33,51,0,2493.28,3.4,
21:52:26 01/02/20,35,41,34,36,,,32,48,2,2493.28,,36,60,2,2493.28,,32,47,2,2493.28,,33,51,3,2493.28,6.1,
21:52:56 01/02/20,34,38,33,34,,,32,48,2,2493.28,,36,60,2,2493.28,,32,47,5,2493.28,,33,51,6,2493.28,4.3,
21:53:26 01/02/20,34,37,33,34,,,32,48,1,2493.28,,36,60,1,2493.28,,32,47,2,2493.28,,33,51,0,2493.28,2.9,
21:53:56 01/02/20,34,37,33,34,,,32,48,1,2493.28,,36,60,3,2493.28,,32,47,0,2493.28,,33,51,0,2493.28,3.3,
21:54:26 01/02/20,34,37,33,34,,,32,48,1,2493.28,,36,60,2,2493.28,,32,47,1,2493.28,,33,51,1,2493.28,3.1,
21:54:56 01/02/20,35,38,34,35,,,32,48,7,2493.28,,36,60,4,2493.28,,32,47,8,2493.28,,33,51,3,2493.28,6.7,
21:55:26 01/02/20,34,37,34,34,,,32,48,0,2493.28,,36,60,2,2493.28,,32,47,2,2493.28,,33,51,0,2493.28,3.1,
21:55:56 01/02/20,34,37,33,34,,,32,48,1,2493.28,,36,60,1,2493.28,,32,47,2,2493.28,,33,51,0,2493.28,3.2,
21:56:26 01/02/20,34,37,33,34,,,32,48,1,2493.28,,36,60,3,2493.28,,32,47,2,2493.28,,33,51,2,2493.28,3.5,
21:56:56 01/02/20,34,37,33,35,,,32,48,0,2493.28,,36,60,2,2493.28,,32,47,5,2493.28,,33,51,0,2493.28,3.3,
21:57:26 01/02/20,34,38,33,34,,,32,48,1,2493.28,,36,60,2,2493.28,,32,47,1,2493.28,,33,51,1,2493.28,3.7,
21:57:56 01/02/20,34,37,33,35,,,32,48,2,2493.28,,36,60,1,2493.28,,32,47,0,2493.28,,33,51,0,2493.28,3.4,
21:58:26 01/02/20,35,39,33,35,,,32,48,6,2493.28,,36,60,1,2493.28,,32,47,1,2493.28,,33,51,11,2493.28,5.6,
21:58:56 01/02/20,37,41,36,37,,,32,48,4,2493.28,,36,60,7,2493.28,,32,47,1,2493.28,,33,51,8,2493.28,6.0,
21:59:26 01/02/20,35,38,35,35,,,32,48,0,2493.28,,36,60,0,2493.28,,32,47,3,2493.28,,33,51,2,2493.28,2.8,
21:59:56 01/02/20,36,40,35,36,,,32,48,3,2493.28,,36,60,3,2493.28,,32,47,2,2493.28,,33,51,7,2493.28,4.7,
22:00:26 01/02/20,38,40,35,37,,,32,48,1,2493.28,,36,60,3,2493.28,,32,47,3,2493.28,,33,51,2,2493.28,3.6,
22:00:56 01/02/20,37,41,35,37,,,32,48,10,2493.28,,36,60,11,2493.28,,32,47,6,2493.28,,33,51,5,2493.28,6.1,
22:01:26 01/02/20,38,42,37,38,,,32,48,1,2493.28,,36,60,8,2493.28,,32,47,2,2493.28,,33,51,7,2493.28,6.8,
22:01:56 01/02/20,36,40,35,36,,,32,48,1,2493.28,,36,60,1,2493.28,,32,47,2,2493.28,,33,51,0,2493.28,3.0,
22:02:26 01/02/20,37,39,35,36,,,32,48,14,2493.28,,36,60,3,2493.28,,32,47,1,2493.28,,33,51,4,2493.28,4.4,
22:02:56 01/02/20,35,38,34,35,,,32,48,3,2493.28,,36,60,2,2493.28,,32,47,0,2493.28,,33,51,2,2493.28,3.3,
22:03:26 01/02/20,35,38,34,35,,,32,48,3,2493.28,,36,60,3,2493.28,,32,47,1,2493.28,,33,51,2,2493.28,3.6,
22:03:56 01/02/20,40,51,37,41,,,32,48,15,2493.28,,36,60,28,2493.28,,32,47,17,2493.28,,33,51,20,2493.28,9.0,
22:04:26 01/02/20,36,39,38,35,,,32,48,0,2493.28,,36,60,3,2493.28,,32,47,4,2493.28,,33,51,0,2493.28,3.7,
22:04:56 01/02/20,39,45,37,43,,,32,48,21,2493.28,,36,60,19,2493.28,,32,47,18,2493.28,,33,51,25,2493.28,8.2,
22:05:26 01/02/20,36,39,35,36,,,32,48,3,2493.28,,36,60,1,2493.28,,32,47,1,2493.28,,33,51,2,2493.28,3.6,
22:05:56 01/02/20,38,45,37,38,,,32,48,3,2493.28,,36,60,8,2493.28,,32,47,5,2493.28,,33,51,5,2493.28,4.2,
22:06:26 01/02/20,37,40,36,37,,,32,48,1,2493.28,,36,60,1,2493.28,,32,47,5,2493.28,,33,51,3,2493.28,4.4,
22:06:56 01/02/20,38,43,37,40,,,32,48,4,2493.28,,36,60,15,2493.28,,32,47,3,2493.28,,33,51,5,2493.28,5.1,
22:07:26 01/02/20,38,43,37,39,,,32,48,27,2493.28,,36,60,21,2493.28,,32,47,17,2493.28,,33,51,20,2493.28,8.2,
22:07:56 01/02/20,36,40,36,37,,,32,48,1,2493.28,,36,60,1,2493.28,,32,47,1,2493.28,,33,51,0,2493.28,3.0,
22:08:26 01/02/20,38,43,38,38,,,32,48,10,2493.28,,36,60,14,2493.28,,32,47,11,2493.28,,33,51,16,2493.28,7.3,
22:08:56 01/02/20,41,43,38,39,,,32,48,8,2493.28,,36,60,9,2493.28,,32,47,7,2493.28,,33,51,8,2493.28,6.8,
22:09:26 01/02/20,38,41,36,37,,,32,48,1,2493.28,,36,60,2,2493.28,,32,47,3,2493.28,,33,51,3,2493.28,3.3,
22:09:56 01/02/20,41,44,37,40,,,32,48,21,2493.28,,36,60,16,2493.28,,32,47,13,2493.28,,33,51,24,2493.28,8.4,
22:10:26 01/02/20,36,40,35,39,,,32,48,6,2493.28,,36,60,11,2493.28,,32,47,2,2493.28,,33,51,8,2493.28,5.0,
22:10:56 01/02/20,35,39,35,36,,,32,48,0,2493.28,,36,60,1,2493.28,,32,47,0,2493.28,,33,51,1,2493.28,3.1,
22:11:26 01/02/20,36,38,34,34,,,32,48,1,2493.28,,36,60,2,2493.28,,32,47,1,2493.28,,33,51,0,2493.28,3.5,
22:11:56 01/02/20,36,39,34,35,,,32,48,1,2493.28,,36,60,1,2493.28,,32,47,3,2493.28,,33,51,0,2493.28,3.0,
22:12:26 01/02/20,35,38,34,34,,,32,48,0,2493.28,,36,60,1,2493.28,,32,47,1,2493.28,,33,51,2,2493.28,3.4,
22:12:56 01/02/20,35,39,34,34,,,32,48,0,2493.28,,36,60,3,2493.28,,32,47,0,2493.28,,33,51,1,2493.28,3.1,
22:13:26 01/02/20,37,40,35,37,,,32,48,1,2493.28,,36,60,2,2493.28,,32,47,0,2493.28,,33,51,1,2493.28,5.0,
22:13:56 01/02/20,36,39,35,36,,,32,48,0,2493.28,,36,60,2,2493.28,,32,47,1,2493.28,,33,51,0,2493.28,3.3,
22:14:26 01/02/20,35,38,35,35,,,32,48,0,2493.28,,36,60,1,2493.28,,32,47,2,2493.28,,33,51,0,2493.28,2.9,
22:14:56 01/02/20,35,38,34,35,,,32,48,0,2493.28,,36,60,1,2493.28,,32,47,0,2493.28,,33,51,0,2493.28,3.4,
22:15:26 01/02/20,35,37,34,35,,,32,48,2,2493.28,,36,60,3,2493.28,,32,47,2,2493.28,,33,51,0,2493.28,2.7,
22:15:56 01/02/20,35,38,34,35,,,32,48,11,2493.28,,36,60,3,2493.28,,32,47,2,2493.28,,33,51,2,2493.28,4.4,
22:16:26 01/02/20,34,37,34,34,,,32,48,0,2493.28,,36,60,2,2493.28,,32,47,3,2493.28,,33,51,1,2493.28,3.4,
22:16:56 01/02/20,34,37,34,34,,,32,48,1,2493.28,,36,60,1,2493.28,,32,47,2,2493.28,,33,51,0,2493.28,2.9,
22:17:26 01/02/20,35,39,34,35,,,32,48,6,2493.28,,36,60,6,2493.28,,32,47,0,2493.28,,33,51,5,2493.28,5.4,
22:17:56 01/02/20,35,38,33,35,,,32,48,1,2493.28,,36,60,1,2493.28,,32,47,1,2493.28,,33,51,2,2493.28,3.2,
22:18:26 01/02/20,35,38,34,35,,,32,48,2,2493.28,,36,60,6,2493.28,,32,47,5,2493.28,,33,51,2,2493.28,3.9,
22:18:56 01/02/20,34,37,33,34,,,32,48,0,2493.28,,36,60,2,2493.28,,32,47,0,2493.28,,33,51,1,2493.28,3.6,
22:19:26 01/02/20,34,37,33,34,,,32,48,0,2493.28,,36,60,3,2493.28,,32,47,0,2493.28,,33,51,0,2493.28,3.1,
22:19:56 01/02/20,34,39,34,34,,,32,48,3,2493.28,,36,60,4,2493.28,,32,47,2,2493.28,,33,51,0,2493.28,3.9,
22:20:26 01/02/20,35,38,34,35,,,32,48,2,2493.28,,36,60,2,2493.28,,32,47,2,2493.28,,33,51,2,2493.28,3.3,
22:20:56 01/02/20,34,38,33,34,,,32,48,0,2493.28,,36,60,4,2493.28,,32,47,1,2493.28,,33,51,3,2493.28,3.9,
22:21:26 01/02/20,34,38,33,34,,,32,48,2,2493.28,,36,60,0,2493.28,,32,47,9,2493.28,,33,51,1,2493.28,5.1,
22:21:56 01/02/20,34,40,34,37,,,32,48,2,2493.28,,36,60,3,2493.28,,32,47,2,2493.28,,33,51,0,2493.28,4.1,
22:22:26 01/02/20,34,37,35,34,,,32,48,0,2493.28,,36,60,1,2493.28,,32,47,4,2493.28,,33,51,1,2493.28,3.8,
22:22:56 01/02/20,33,37,32,34,,,32,48,0,2493.28,,36,60,1,2493.28,,32,47,2,2493.28,,33,51,0,2493.28,2.8,
22:23:26 01/02/20,33,37,33,34,,,32,48,0,2493.28,,36,60,1,2493.28,,32,47,0,2493.28,,33,51,1,2493.28,3.3,
22:23:56 01/02/20,34,37,33,34,,,32,48,0,2493.28,,36,60,0,2493.28,,32,47,0,2493.28,,33,51,1,2493.28,2.7,
22:24:26 01/02/20,34,37,34,34,,,32,48,1,2493.28,,36,60,0,2493.28,,32,47,1,2493.28,,33,51,0,2493.28,2.8,
22:24:56 01/02/20,34,37,33,34,,,32,48,0,2493.28,,36,60,1,2493.28,,32,47,3,2493.28,,33,51,0,2493.28,2.9,
22:25:26 01/02/20,34,37,33,34,,,32,48,0,2493.28,,36,60,2,2493.28,,32,47,2,2493.28,,33,51,0,2493.28,3.5,
22:25:56 01/02/20,35,38,33,34,,,32,48,0,2493.28,,36,60,16,2493.28,,32,47,12,2493.28,,33,51,9,2493.28,6.9,
22:26:26 01/02/20,34,37,33,34,,,32,48,1,2493.28,,36,60,1,2493.28,,32,47,1,2493.28,,33,51,2,2493.28,3.3,
22:26:56 01/02/20,34,37,33,34,,,32,48,4,2493.28,,36,60,2,2493.28,,32,47,2,2493.28,,33,51,10,2493.28,2.8,
22:27:26 01/02/20,34,37,33,34,,,32,48,1,2493.28,,36,60,0,2493.28,,32,47,2,2493.28,,33,51,1,2493.28,3.2,
22:27:56 01/02/20,33,37,33,34,,,32,48,2,2493.28,,36,60,4,2493.28,,32,47,3,2493.28,,33,51,2,2493.28,3.1,
22:28:26 01/02/20,34,42,33,34,,,32,48,1,2493.28,,36,60,5,2493.28,,32,47,0,2493.28,,33,51,0,2493.28,3.4,
22:28:56 01/02/20,33,37,33,34,,,32,48,0,2493.28,,36,60,0,2493.28,,32,47,0,2493.28,,33,51,0,2493.28,2.8,
22:29:26 01/02/20,34,37,34,34,,,32,48,0,2493.28,,36,60,1,2493.28,,32,47,1,2493.28,,33,51,1,2493.28,3.3,
22:29:56 01/02/20,34,38,35,34,,,32,48,0,2493.28,,36,60,1,2493.28,,32,47,1,2493.28,,33,51,0,2493.28,2.8,
22:30:26 01/02/20,34,37,33,34,,,32,48,2,2493.28,,36,60,2,2493.28,,32,47,0,2493.28,,33,51,3,2493.28,3.5,
22:30:56 01/02/20,34,38,33,34,,,32,48,0,2493.28,,36,60,1,2493.28,,32,47,0,2493.28,,33,51,1,2493.28,2.8,
22:31:26 01/02/20,34,37,33,34,,,32,48,2,2493.28,,36,60,2,2493.28,,32,47,3,2493.28,,33,51,2,2493.28,3.2,
22:31:56 01/02/20,35,38,34,37,,,32,48,2,2493.28,,36,60,1,2493.28,,32,47,2,2493.28,,33,51,2,2493.28,2.8,
22:32:26 01/02/20,33,37,34,34,,,32,48,0,2493.28,,36,60,2,2493.28,,32,47,3,2493.28,,33,51,0,2493.28,3.5,
22:32:56 01/02/20,33,37,33,34,,,32,48,3,2493.28,,36,60,2,2493.28,,32,47,2,2493.28,,33,51,2,2493.28,3.3,
22:33:26 01/02/20,37,39,34,36,,,32,48,17,2493.28,,36,60,11,2493.28,,32,47,4,2493.28,,33,51,6,2493.28,6.2,
22:33:56 01/02/20,33,37,33,34,,,32,48,2,2493.28,,36,60,1,2493.28,,32,47,1,2493.28,,33,51,0,2493.28,3.2,
22:34:26 01/02/20,33,37,33,34,,,32,48,2,2493.28,,36,60,2,2493.28,,32,47,0,2493.28,,33,51,3,2493.28,3.3,
22:34:56 01/02/20,33,37,33,34,,,32,48,0,2493.28,,36,60,1,2493.28,,32,47,3,2493.28,,33,51,0,2493.28,3.2,
22:35:26 01/02/20,34,38,33,34,,,32,48,1,2493.28,,36,60,1,2493.28,,32,47,2,2493.28,,33,51,0,2493.28,3.3,
22:35:56 01/02/20,34,37,33,34,,,32,48,1,2493.28,,36,60,1,2493.28,,32,47,1,2493.28,,33,51,0,2493.28,2.8,
22:36:26 01/02/20,34,37,33,34,,,32,48,0,2493.28,,36,60,1,2493.28,,32,47,2,2493.28,,33,51,1,2493.28,3.3,
22:36:56 01/02/20,34,37,34,34,,,32,48,1,2493.28,,36,60,2,2493.28,,32,47,3,2493.28,,33,51,1,2493.28,3.8,
22:37:26 01/02/20,34,37,33,34,,,32,48,0,2493.28,,36,60,1,2493.28,,32,47,1,2493.28,,33,51,1,2493.28,3.3,
22:37:56 01/02/20,34,37,33,34,,,32,48,1,2493.28,,36,60,3,2493.28,,32,47,2,2493.28,,33,51,1,2493.28,3.7,
22:38:26 01/02/20,34,37,33,34,,,32,48,0,2493.28,,36,60,0,2493.28,,32,47,1,2493.28,,33,51,0,2493.28,2.8,
22:38:56 01/02/20,35,39,34,36,,,32,48,10,2493.28,,36,60,4,2493.28,,32,47,4,2493.28,,33,51,10,2493.28,4.1,
22:39:26 01/02/20,33,37,33,34,,,32,48,0,2493.28,,36,60,1,2493.28,,32,47,2,2493.28,,33,51,0,2493.28,2.8,
22:39:56 01/02/20,34,38,34,35,,,32,48,1,2493.28,,36,60,0,2493.28,,32,47,2,2493.28,,33,51,5,2493.28,5.0,
22:40:26 01/02/20,38,40,34,36,,,32,48,23,2493.28,,36,60,2,2493.28,,32,47,5,2493.28,,33,51,24,2493.28,7.3,
22:40:56 01/02/20,36,40,35,36,,,32,48,2,2493.28,,36,60,0,2493.28,,32,47,0,2493.28,,33,51,2,2493.28,5.0,
22:41:26 01/02/20,35,38,34,34,,,32,48,2,2493.28,,36,60,4,2493.28,,32,47,4,2493.28,,33,51,4,2493.28,3.1,
22:41:56 01/02/20,34,37,34,34,,,32,48,0,2493.28,,36,60,2,2493.28,,32,47,1,2493.28,,33,51,0,2493.28,3.2,
22:42:26 01/02/20,35,38,34,35,,,32,48,1,2493.28,,36,60,2,2493.28,,32,47,2,2493.28,,33,51,0,2493.28,3.3,
22:42:56 01/02/20,38,47,35,39,,,32,48,2,2493.28,,36,60,32,2493.28,,32,47,11,2493.28,,33,51,9,2493.28,7.2,
22:43:26 01/02/20,35,38,35,34,,,32,48,1,2493.28,,36,60,1,2493.28,,32,47,2,2493.28,,33,51,1,2493.28,2.8,
22:43:56 01/02/20,34,37,34,34,,,32,48,0,2493.28,,36,60,0,2493.28,,32,47,1,2493.28,,33,51,2,2493.28,3.2,
22:44:26 01/02/20,35,38,34,35,,,32,48,6,2493.28,,36,60,3,2493.28,,32,47,8,2493.28,,33,51,2,2493.28,4.6,
22:44:56 01/02/20,34,38,34,34,,,32,48,2,2493.28,,36,60,0,2493.28,,32,47,0,2493.28,,33,51,3,2493.28,3.0,
22:45:26 01/02/20,34,38,34,34,,,32,48,2,2493.28,,36,60,2,2493.28,,32,47,1,2493.28,,33,51,1,2493.28,3.3,
22:45:56 01/02/20,35,38,34,35,,,32,48,1,2493.28,,36,60,3,2493.28,,32,47,1,2493.28,,33,51,2,2493.28,2.9,
22:46:26 01/02/20,34,37,34,35,,,32,48,0,2493.28,,36,60,2,2493.28,,32,47,1,2493.28,,33,51,0,2493.28,3.4,
22:46:56 01/02/20,34,39,35,34,,,32,48,2,2493.28,,36,60,2,2493.28,,32,47,1,2493.28,,33,51,1,2493.28,2.8,
22:47:26 01/02/20,36,39,34,35,,,32,48,7,2493.28,,36,60,7,2493.28,,32,47,5,2493.28,,33,51,4,2493.28,5.7,
22:47:56 01/02/20,34,37,34,34,,,32,48,1,2493.28,,36,60,1,2493.28,,32,47,2,2493.28,,33,51,1,2493.28,2.8,
22:48:26 01/02/20,35,38,34,34,,,32,48,0,2493.28,,36,60,0,2493.28,,32,47,8,2493.28,,33,51,2,2493.28,4.2,
22:48:56 01/02/20,34,38,34,34,,,32,48,2,2493.28,,36,60,0,2493.28,,32,47,1,2493.28,,33,51,1,2493.28,3.5,
22:49:26 01/02/20,34,39,34,34,,,32,48,1,2493.28,,36,60,1,2493.28,,32,47,3,2493.28,,33,51,1,2493.28,2.9,
22:49:56 01/02/20,35,39,35,35,,,32,48,7,2493.28,,36,60,14,2493.28,,32,47,7,2493.28,,33,51,7,2493.28,8.1,
22:50:26 01/02/20,35,38,33,34,,,32,48,1,2493.28,,36,60,1,2493.28,,32,47,2,2493.28,,33,51,1,2493.28,2.8,
22:50:56 01/02/20,37,42,35,38,,,32,48,14,2493.28,,36,60,17,2493.28,,32,47,11,2493.28,,33,51,15,2493.28,8.9,
22:51:26 01/02/20,34,38,34,35,,,32,48,4,2493.28,,36,60,3,2493.28,,32,47,2,2493.28,,33,51,3,2493.28,3.1,
22:51:56 01/02/20,34,38,33,35,,,32,48,0,2493.28,,36,60,3,2493.28,,32,47,1,2493.28,,33,51,0,2493.28,3.2,
22:52:26 01/02/20,34,38,34,35,,,32,48,4,2493.28,,36,60,2,2493.28,,32,47,3,2493.28,,33,51,1,2493.28,4.2,
22:52:56 01/02/20,35,38,34,35,,,32,48,2,2493.28,,36,60,3,2493.28,,32,47,0,2493.28,,33,51,1,2493.28,3.0,
22:53:26 01/02/20,34,38,34,34,,,32,48,1,2493.28,,36,60,1,2493.28,,32,47,1,2493.28,,33,51,1,2493.28,3.4,
22:53:56 01/02/20,34,38,34,35,,,32,48,1,2493.28,,36,60,1,2493.28,,32,47,3,2493.28,,33,51,1,2493.28,3.6,
22:54:26 01/02/20,34,38,34,35,,,32,48,1,2493.28,,36,60,1,2493.28,,32,47,4,2493.28,,33,51,2,2493.28,3.8,
22:54:56 01/02/20,35,37,34,34,,,32,48,2,2493.28,,36,60,1,2493.28,,32,47,0,2493.28,,33,51,0,2493.28,3.2,
22:55:26 01/02/20,34,38,34,34,,,32,48,1,2493.28,,36,60,1,2493.28,,32,47,1,2493.28,,33,51,0,2493.28,2.9,
22:55:56 01/02/20,35,39,34,36,,,32,48,1,2493.28,,36,60,1,2493.28,,32,47,1,2493.28,,33,51,4,2493.28,4.2,
22:56:26 01/02/20,35,41,34,35,,,32,48,17,2493.28,,36,60,12,2493.28,,32,47,8,2493.28,,33,51,6,2493.28,5.7,
22:56:56 01/02/20,34,38,34,34,,,32,48,2,2493.28,,36,60,4,2493.28,,32,47,4,2493.28,,33,51,1,2493.28,3.1,
22:57:26 01/02/20,34,38,34,34,,,32,48,0,2493.28,,36,60,0,2493.28,,32,47,0,2493.28,,33,51,1,2493.28,3.1,
22:57:56 01/02/20,34,38,34,34,,,32,48,1,2493.28,,36,60,1,2493.28,,32,47,1,2493.28,,33,51,2,2493.28,3.4,
22:58:26 01/02/20,34,37,33,34,,,32,48,0,2493.28,,36,60,1,2493.28,,32,47,1,2493.28,,33,51,1,2493.28,3.0,
22:58:56 01/02/20,34,38,33,34,,,32,48,2,2493.28,,36,60,2,2493.28,,32,47,1,2493.28,,33,51,1,2493.28,3.4,
22:59:26 01/02/20,34,37,33,34,,,32,48,1,2493.28,,36,60,2,2493.28,,32,47,1,2493.28,,33,51,1,2493.28,2.8,
22:59:56 01/02/20,40,42,36,37,,,32,48,13,2493.28,,36,60,15,2493.28,,32,47,31,2493.28,,33,51,3,2493.28,8.0,
23:00:26 01/02/20,34,37,34,34,,,32,48,2,2493.28,,36,60,2,2493.28,,32,47,2,2493.28,,33,51,0,2493.28,2.9,
23:00:56 01/02/20,36,41,35,37,,,32,48,4,2493.28,,36,60,5,2493.28,,32,47,2,2493.28,,33,51,3,2493.28,5.4,
23:01:26 01/02/20,37,42,36,37,,,32,48,5,2493.28,,36,60,9,2493.28,,32,47,15,2493.28,,33,51,7,2493.28,6.2,
23:01:56 01/02/20,37,42,36,37,,,32,48,5,2493.28,,36,60,6,2493.28,,32,47,7,2493.28,,33,51,16,2493.28,7.0,
23:02:26 01/02/20,35,39,34,35,,,32,48,3,2493.28,,36,60,0,2493.28,,32,47,0,2493.28,,33,51,1,2493.28,3.5,
23:02:56 01/02/20,34,39,35,34,,,32,48,1,2493.28,,36,60,1,2493.28,,32,47,0,2493.28,,33,51,1,2493.28,2.9,
23:03:26 01/02/20,34,38,34,35,,,32,48,3,2493.28,,36,60,3,2493.28,,32,47,1,2493.28,,33,51,1,2493.28,5.5,
23:03:56 01/02/20,35,39,34,36,,,32,48,2,2493.28,,36,60,3,2493.28,,32,47,5,2493.28,,33,51,3,2493.28,4.7,
23:04:26 01/02/20,34,38,33,34,,,32,48,1,2493.28,,36,60,0,2493.28,,32,47,1,2493.28,,33,51,1,2493.28,2.8,
23:04:56 01/02/20,35,38,34,34,,,32,48,2,2493.28,,36,60,5,2493.28,,32,47,0,2493.28,,33,51,1,2493.28,3.3,
23:05:26 01/02/20,34,37,33,34,,,32,48,1,2493.28,,36,60,1,2493.28,,32,47,0,2493.28,,33,51,0,2493.28,2.7,
23:05:56 01/02/20,39,41,35,37,,,32,48,19,2493.28,,36,60,11,2493.28,,32,47,3,2493.28,,33,51,27,2493.28,8.3,
23:06:26 01/02/20,35,38,34,35,,,32,48,8,2493.28,,36,60,11,2493.28,,32,47,10,2493.28,,33,51,13,2493.28,4.8,
23:06:56 01/02/20,35,38,34,34,,,32,48,0,2493.28,,36,60,1,2493.28,,32,47,1,2493.28,,33,51,1,2493.28,2.8,
23:07:26 01/02/20,36,39,34,40,,,32,48,5,2493.28,,36,60,12,2493.28,,32,47,5,2493.28,,33,51,7,2493.28,5.8,
23:07:56 01/02/20,35,41,34,35,,,32,48,1,2493.28,,36,60,0,2493.28,,32,47,1,2493.28,,33,51,0,2493.28,2.9,
23:08:26 01/02/20,34,38,33,34,,,32,48,0,2493.28,,36,60,1,2493.28,,32,47,1,2493.28,,33,51,0,2493.28,3.3,
23:08:56 01/02/20,34,37,34,34,,,32,48,0,2493.28,,36,60,0,2493.28,,32,47,0,2493.28,,33,51,2,2493.28,2.8,
23:09:26 01/02/20,34,38,35,34,,,32,48,0,2493.28,,36,60,5,2493.28,,32,47,1,2493.28,,33,51,6,2493.28,3.3,
23:09:56 01/02/20,34,37,33,34,,,32,48,1,2493.28,,36,60,3,2493.28,,32,47,4,2493.28,,33,51,0,2493.28,2.8,
23:10:26 01/02/20,34,38,33,35,,,32,48,0,2493.28,,36,60,2,2493.28,,32,47,1,2493.28,,33,51,1,2493.28,3.0,
23:10:56 01/02/20,34,37,33,34,,,32,48,0,2493.28,,36,60,1,2493.28,,32,47,1,2493.28,,33,51,0,2493.28,3.3,
23:11:26 01/02/20,35,39,34,36,,,32,48,3,2493.28,,36,60,8,2493.28,,32,47,1,2493.28,,33,51,4,2493.28,4.1,
23:11:56 01/02/20,34,38,34,35,,,32,48,7,2493.28,,36,60,5,2493.28,,32,47,5,2493.28,,33,51,4,2493.28,4.3,
23:12:26 01/02/20,36,42,34,36,,,32,48,3,2493.28,,36,60,6,2493.28,,32,47,2,2493.28,,33,51,2,2493.28,5.7,
23:12:56 01/02/20,35,38,34,34,,,32,48,2,2493.28,,36,60,2,2493.28,,32,47,3,2493.28,,33,51,2,2493.28,3.3,
23:13:26 01/02/20,35,40,35,37,,,32,48,0,2493.28,,36,60,2,2493.28,,32,47,0,2493.28,,33,51,1,2493.28,2.8,
23:13:56 01/02/20,34,37,33,34,,,32,48,1,2493.28,,36,60,2,2493.28,,32,47,2,2493.28,,33,51,2,2493.28,3.0,
23:14:26 01/02/20,35,41,34,35,,,32,48,1,2493.28,,36,60,7,2493.28,,32,47,0,2493.28,,33,51,1,2493.28,4.0,
23:14:56 01/02/20,38,42,37,39,,,32,48,30,2493.28,,36,60,41,2493.28,,32,47,32,2493.28,,33,51,35,2493.28,15.2,
23:15:26 01/02/20,36,41,36,35,,,32,48,1,2493.28,,36,60,1,2493.28,,32,47,2,2493.28,,33,51,3,2493.28,3.7,
23:15:56 01/02/20,36,39,34,36,,,32,48,2,2493.28,,36,60,4,2493.28,,32,47,1,2493.28,,33,51,2,2493.28,3.6,
23:16:26 01/02/20,35,39,34,36,,,32,48,1,2493.28,,36,60,1,2493.28,,32,47,1,2493.28,,33,51,2,2493.28,3.5,
23:16:56 01/02/20,34,38,34,34,,,32,48,3,2493.28,,36,60,10,2493.28,,32,47,6,2493.28,,33,51,4,2493.28,3.3,
23:17:26 01/02/20,34,38,33,34,,,32,48,0,2493.28,,36,60,0,2493.28,,32,47,2,2493.28,,33,51,1,2493.28,3.5,
23:17:56 01/02/20,34,38,33,35,,,32,48,1,2493.28,,36,60,2,2493.28,,32,47,3,2493.28,,33,51,2,2493.28,4.4,
23:18:26 01/02/20,34,38,34,34,,,32,48,0,2493.28,,36,60,2,2493.28,,32,47,0,2493.28,,33,51,0,2493.28,3.3,
23:18:56 01/02/20,34,37,33,35,,,32,48,0,2493.28,,36,60,1,2493.28,,32,47,1,2493.28,,33,51,0,2493.28,2.8,
23:19:26 01/02/20,34,38,33,34,,,32,48,11,2493.28,,36,60,17,2493.28,,32,47,3,2493.28,,33,51,2,2493.28,5.9,
23:19:56 01/02/20,35,40,36,35,,,32,48,0,2493.28,,36,60,0,2493.28,,32,47,1,2493.28,,33,51,0,2493.28,2.9,
23:20:26 01/02/20,34,38,33,34,,,32,48,0,2493.28,,36,60,2,2493.28,,32,47,2,2493.28,,33,51,2,2493.28,3.4,
23:20:56 01/02/20,34,37,34,34,,,32,48,0,2493.28,,36,60,1,2493.28,,32,47,1,2493.28,,33,51,1,2493.28,3.0,
23:21:26 01/02/20,34,37,34,34,,,32,48,2,2493.28,,36,60,1,2493.28,,32,47,0,2493.28,,33,51,2,2493.28,3.4,
23:21:56 01/02/20,35,39,34,35,,,32,48,0,2493.28,,36,60,1,2493.28,,32,47,1,2493.28,,33,51,2,2493.28,2.9,
23:22:26 01/02/20,34,38,33,34,,,32,48,0,2493.28,,36,60,1,2493.28,,32,47,2,2493.28,,33,51,1,2493.28,3.2,
23:22:56 01/02/20,33,37,33,34,,,32,48,3,2493.28,,36,60,0,2493.28,,32,47,3,2493.28,,33,51,0,2493.28,2.7,
23:23:26 01/02/20,35,37,33,34,,,32,48,2,2493.28,,36,60,1,2493.28,,32,47,0,2493.28,,33,51,0,2493.28,3.4,
23:23:56 01/02/20,34,38,33,34,,,32,48,1,2493.28,,36,60,1,2493.28,,32,47,2,2493.28,,33,51,0,2493.28,2.8,
23:24:26 01/02/20,36,39,34,42,,,32,48,0,2493.28,,36,60,2,2493.28,,32,47,0,2493.28,,33,51,7,2493.28,3.0,
23:24:56 01/02/20,34,37,33,34,,,32,48,9,2493.28,,36,60,4,2493.28,,32,47,2,2493.28,,33,51,2,2493.28,5.2,
23:25:26 01/02/20,35,39,34,35,,,32,48,5,2493.28,,36,60,3,2493.28,,32,47,12,2493.28,,33,51,22,2493.28,5.6,
23:25:56 01/02/20,34,37,34,34,,,32,48,2,2493.28,,36,60,0,2493.28,,32,47,0,2493.28,,33,51,0,2493.28,3.4,
23:26:26 01/02/20,34,39,34,35,,,32,48,0,2493.28,,36,60,0,2493.28,,32,47,1,2493.28,,33,51,0,2493.28,3.3,
23:26:56 01/02/20,34,38,34,34,,,32,48,0,2493.28,,36,60,0,2493.28,,32,47,4,2493.28,,33,51,1,2493.28,3.3,
23:27:26 01/02/20,34,37,33,34,,,32,48,0,2493.28,,36,60,4,2493.28,,32,47,0,2493.28,,33,51,0,2493.28,3.1,
23:27:56 01/02/20,34,37,33,34,,,32,48,2,2493.28,,36,60,3,2493.28,,32,47,0,2493.28,,33,51,1,2493.28,3.4,
23:28:26 01/02/20,34,38,33,34,,,32,48,1,2493.28,,36,60,3,2493.28,,32,47,3,2493.28,,33,51,0,2493.28,2.9,
23:28:56 01/02/20,33,37,33,34,,,32,48,1,2493.28,,36,60,2,2493.28,,32,47,1,2493.28,,33,51,0,2493.28,2.9,
23:29:26 01/02/20,34,38,33,34,,,32,48,1,2493.28,,36,60,2,2493.28,,32,47,2,2493.28,,33,51,2,2493.28,3.3,
23:29:56 01/02/20,35,41,33,36,,,32,48,0,2493.28,,36,60,3,2493.28,,32,47,0,2493.28,,33,51,0,2493.28,2.8,
23:30:26 01/02/20,35,42,34,35,,,32,48,0,2493.28,,36,60,1,2493.28,,32,47,6,2493.28,,33,51,3,2493.28,3.4,
23:30:56 01/02/20,34,37,33,34,,,32,48,1,2493.28,,36,60,1,2493.28,,32,47,1,2493.28,,33,51,1,2493.28,3.2,
23:31:26 01/02/20,37,45,35,37,,,32,48,27,2493.28,,36,60,2,2493.28,,32,47,2,2493.28,,33,51,22,2493.28,7.5,
23:31:56 01/02/20,34,38,33,34,,,32,48,1,2493.28,,36,60,1,2493.28,,32,47,0,2493.28,,33,51,1,2493.28,2.8,
23:32:26 01/02/20,34,37,33,34,,,32,48,0,2493.28,,36,60,0,2493.28,,32,47,1,2493.28,,33,51,2,2493.28,3.6,
23:32:56 01/02/20,34,38,34,34,,,32,48,0,2493.28,,36,60,1,2493.28,,32,47,1,2493.28,,33,51,2,2493.28,2.9,
23:33:26 01/02/20,34,37,33,34,,,32,48,2,2493.28,,36,60,2,2493.28,,32,47,2,2493.28,,33,51,3,2493.28,3.0,
23:33:56 01/02/20,34,37,33,33,,,32,48,2,2493.28,,36,60,1,2493.28,,32,47,0,2493.28,,33,51,1,2493.28,3.3,
23:34:26 01/02/20,34,37,33,34,,,32,48,0,2493.28,,36,60,1,2493.28,,32,47,0,2493.28,,33,51,1,2493.28,2.7,
23:34:56 01/02/20,34,37,34,34,,,32,48,1,2493.28,,36,60,1,2493.28,,32,47,0,2493.28,,33,51,1,2493.28,3.3,
23:35:26 01/02/20,33,37,33,34,,,32,48,0,2493.28,,36,60,1,2493.28,,32,47,1,2493.28,,33,51,4,2493.28,2.8,
23:35:56 01/02/20,34,37,34,34,,,32,48,7,2493.28,,36,60,3,2493.28,,32,47,4,2493.28,,33,51,2,2493.28,3.6,
23:36:26 01/02/20,34,41,33,34,,,32,48,0,2493.28,,36,60,1,2493.28,,32,47,1,2493.28,,33,51,0,2493.28,3.0,
23:36:56 01/02/20,36,41,35,38,,,32,48,12,2493.28,,36,60,8,2493.28,,32,47,17,2493.28,,33,51,18,2493.28,6.7,
23:37:26 01/02/20,35,38,35,35,,,32,48,3,2493.28,,36,60,2,2493.28,,32,47,1,2493.28,,33,51,1,2493.28,3.1,
23:37:56 01/02/20,41,51,38,44,,,32,48,37,2493.28,,36,60,38,2493.28,,32,47,42,2493.28,,33,51,42,2493.28,13.3,
23:38:26 01/02/20,36,39,35,35,,,32,48,1,2493.28,,36,60,0,2493.28,,32,47,3,2493.28,,33,51,1,2493.28,3.7,
23:38:56 01/02/20,34,38,34,35,,,32,48,0,2493.28,,36,60,1,2493.28,,32,47,0,2493.28,,33,51,0,2493.28,2.8,
23:39:26 01/02/20,34,38,34,34,,,32,48,0,2493.28,,36,60,0,2493.28,,32,47,1,2493.28,,33,51,1,2493.28,3.2,
23:39:56 01/02/20,34,37,34,34,,,32,48,0,2493.28,,36,60,1,2493.28,,32,47,4,2493.28,,33,51,1,2493.28,3.9,
23:40:26 01/02/20,35,38,34,35,,,32,48,1,2493.28,,36,60,2,2493.28,,32,47,2,2493.28,,33,51,0,2493.28,3.0,
23:40:56 01/02/20,35,38,34,34,,,32,48,1,2493.28,,36,60,2,2493.28,,32,47,2,2493.28,,33,51,1,2493.28,3.8,
23:41:26 01/02/20,35,41,34,38,,,32,48,0,2493.28,,36,60,0,2493.28,,32,47,0,2493.28,,33,51,1,2493.28,2.8,
23:41:56 01/02/20,34,38,34,34,,,32,48,1,2493.28,,36,60,1,2493.28,,32,47,0,2493.28,,33,51,1,2493.28,3.3,
23:42:26 01/02/20,35,40,35,35,,,32,48,5,2493.28,,36,60,14,2493.28,,32,47,1,2493.28,,33,51,5,2493.28,5.7,
23:42:56 01/02/20,35,38,34,35,,,32,48,0,2493.28,,36,60,0,2493.28,,32,47,2,2493.28,,33,51,1,2493.28,2.9,
23:43:26 01/02/20,33,38,34,34,,,32,48,0,2493.28,,36,60,1,2493.28,,32,47,0,2493.28,,33,51,2,2493.28,3.6,
23:43:56 01/02/20,34,38,34,34,,,32,48,2,2493.28,,36,60,3,2493.28,,32,47,0,2493.28,,33,51,0,2493.28,2.8,
23:44:26 01/02/20,34,37,34,34,,,32,48,1,2493.28,,36,60,1,2493.28,,32,47,2,2493.28,,33,51,2,2493.28,3.1,
23:44:56 01/02/20,34,38,37,35,,,32,48,1,2493.28,,36,60,1,2493.28,,32,47,1,2493.28,,33,51,1,2493.28,3.6,
23:45:26 01/02/20,34,37,33,34,,,32,48,2,2493.28,,36,60,1,2493.28,,32,47,1,2493.28,,33,51,1,2493.28,2.8,
23:45:56 01/02/20,34,37,33,34,,,32,48,0,2493.28,,36,60,4,2493.28,,32,47,1,2493.28,,33,51,2,2493.28,3.5,
23:46:24 01/02/20,44,59,43,49,,,32,48,30,2493.28,,36,60,46,2493.28,,32,47,49,2493.28,,33,51,39,2493.28,14.7,
23:46:54 01/02/20,38,43,38,39,,,32,48,2,2493.28,,36,62,2,2493.28,,32,47,1,2493.28,,33,52,1,2493.28,3.9,
23:47:24 01/02/20,37,41,36,37,,,32,48,0,2493.28,,36,62,2,2493.28,,32,47,0,2493.28,,33,52,0,2493.28,2.9,
23:47:54 01/02/20,37,41,35,36,,,32,48,4,2493.28,,36,62,18,2493.28,,32,47,4,2493.28,,33,52,3,2493.28,4.4,
23:48:24 01/02/20,35,39,35,35,,,32,48,1,2493.28,,36,62,1,2493.28,,32,47,3,2493.28,,33,52,1,2493.28,3.0,
23:48:54 01/02/20,35,38,35,35,,,32,48,1,2493.28,,36,62,8,2493.28,,32,47,0,2493.28,,33,52,0,2493.28,4.5,
23:49:24 01/02/20,35,38,34,35,,,32,48,3,2493.28,,36,62,2,2493.28,,32,47,3,2493.28,,33,52,1,2493.28,3.2,
23:49:54 01/02/20,35,38,34,34,,,32,48,3,2493.28,,36,62,2,2493.28,,32,47,2,2493.28,,33,52,2,2493.28,4.4,
23:50:24 01/02/20,35,38,34,34,,,32,48,3,2493.28,,36,62,5,2493.28,,32,47,3,2493.28,,33,52,2,2493.28,3.1,
23:50:54 01/02/20,35,39,34,35,,,32,48,1,2493.28,,36,62,1,2493.28,,32,47,2,2493.28,,33,52,0,2493.28,3.0,
23:51:24 01/02/20,34,38,34,35,,,32,48,1,2493.28,,36,62,3,2493.28,,32,47,1,2493.28,,33,52,0,2493.28,3.3,
23:51:54 01/02/20,35,38,35,35,,,32,48,0,2493.28,,36,62,2,2493.28,,32,47,3,2493.28,,33,52,2,2493.28,3.6,
23:52:24 01/02/20,35,38,34,35,,,32,48,0,2493.28,,36,62,2,2493.28,,32,47,0,2493.28,,33,52,0,2493.28,3.3,
23:52:54 01/02/20,35,39,34,36,,,32,48,1,2493.28,,36,62,2,2493.28,,32,47,1,2493.28,,33,52,0,2493.28,3.0,
23:53:24 01/02/20,35,39,34,35,,,32,48,10,2493.28,,36,62,16,2493.28,,32,47,8,2493.28,,33,52,7,2493.28,5.3,
23:53:54 01/02/20,35,37,34,35,,,32,48,0,2493.28,,36,62,0,2493.28,,32,47,2,2493.28,,33,52,1,2493.28,2.9,
23:54:24 01/02/20,35,39,34,36,,,32,48,11,2493.28,,36,62,4,2493.28,,32,47,6,2493.28,,33,52,8,2493.28,7.6,
23:54:54 01/02/20,34,37,34,34,,,32,48,1,2493.28,,36,62,0,2493.28,,32,47,2,2493.28,,33,52,2,2493.28,3.4,
23:55:24 01/02/20,35,40,34,35,,,32,48,0,2493.28,,36,62,1,2493.28,,32,47,0,2493.28,,33,52,1,2493.28,2.8,
23:55:54 01/02/20,34,38,34,35,,,32,48,1,2493.28,,36,62,1,2493.28,,32,47,1,2493.28,,33,52,2,2493.28,3.4,
23:56:24 01/02/20,35,39,33,39,,,32,48,2,2493.28,,36,62,0,2493.28,,32,47,0,2493.28,,33,52,0,2493.28,2.8,
23:56:54 01/02/20,40,42,36,37,,,32,48,20,2493.28,,36,62,11,2493.28,,32,47,1,2493.28,,33,52,22,2493.28,7.7,
23:57:24 01/02/20,34,37,34,35,,,32,48,3,2493.28,,36,62,2,2493.28,,32,47,1,2493.28,,33,52,1,2493.28,2.8,
23:57:54 01/02/20,34,37,34,34,,,32,48,1,2493.28,,36,62,2,2493.28,,32,47,1,2493.28,,33,52,0,2493.28,3.4,
23:58:24 01/02/20,34,38,33,34,,,32,48,3,2493.28,,36,62,1,2493.28,,32,47,0,2493.28,,33,52,0,2493.28,3.4,
23:58:54 01/02/20,35,39,35,36,,,32,48,6,2493.28,,36,62,10,2493.28,,32,47,19,2493.28,,33,52,16,2493.28,4.8,
23:59:24 01/02/20,33,37,33,34,,,32,48,2,2493.28,,36,62,2,2493.28,,32,47,2,2493.28,,33,52,2,2493.28,2.9,
23:59:54 01/02/20,34,37,33,34,,,32,48,0,2493.28,,36,62,3,2493.28,,32,47,2,2493.28,,33,52,0,2493.28,3.4,
00:00:24 01/03/20,34,38,34,34,,,32,48,0,2493.28,,36,62,2,2493.28,,32,47,0,2493.28,,33,52,0,2493.28,3.0,
00:00:54 01/03/20,33,38,33,34,,,32,48,3,2493.28,,36,62,2,2493.28,,32,47,3,2493.28,,33,52,1,2493.28,3.7,
00:01:24 01/03/20,34,38,33,34,,,32,48,1,2493.28,,36,62,2,2493.28,,32,47,2,2493.28,,33,52,0,2493.28,2.9,
00:01:54 01/03/20,33,37,34,34,,,32,48,2,2493.28,,36,62,3,2493.28,,32,47,3,2493.28,,33,52,0,2493.28,3.6,
00:02:24 01/03/20,36,40,35,36,,,32,48,3,2493.28,,36,62,5,2493.28,,32,47,6,2493.28,,33,52,3,2493.28,3.4,
00:02:54 01/03/20,36,39,35,35,,,32,48,1,2493.28,,36,62,4,2493.28,,32,47,2,2493.28,,33,52,2,2493.28,3.0,
00:03:24 01/03/20,35,38,34,35,,,32,48,3,2493.28,,36,62,2,2493.28,,32,47,3,2493.28,,33,52,3,2493.28,3.9,
00:03:54 01/03/20,35,39,35,35,,,32,48,1,2493.28,,36,62,1,2493.28,,32,47,1,2493.28,,33,52,2,2493.28,3.2,
00:04:24 01/03/20,35,39,34,35,,,32,48,0,2493.28,,36,62,3,2493.28,,32,47,0,2493.28,,33,52,1,2493.28,3.6,
00:04:54 01/03/20,35,39,34,35,,,32,48,2,2493.28,,36,62,8,2493.28,,32,47,2,2493.28,,33,52,2,2493.28,3.9,
00:05:24 01/03/20,36,46,34,37,,,32,48,7,2493.28,,36,62,7,2493.28,,32,47,2,2493.28,,33,52,5,2493.28,4.5,
00:05:54 01/03/20,34,37,33,34,,,32,48,2,2493.28,,36,62,0,2493.28,,32,47,3,2493.28,,33,52,1,2493.28,3.1,
00:06:24 01/03/20,34,38,34,34,,,32,48,0,2493.28,,36,62,4,2493.28,,32,47,0,2493.28,,33,52,1,2493.28,4.4,
00:06:54 01/03/20,34,37,34,34,,,32,48,3,2493.28,,36,62,1,2493.28,,32,47,0,2493.28,,33,52,0,2493.28,3.0,
00:07:24 01/03/20,37,49,34,37,,,32,48,1,2493.28,,36,62,16,2493.28,,32,47,2,2493.28,,33,52,7,2493.28,3.9,
00:07:54 01/03/20,37,45,36,38,,,32,48,2,2493.28,,36,62,5,2493.28,,32,47,1,2493.28,,33,52,7,2493.28,4.0,
00:08:24 01/03/20,36,39,35,36,,,32,48,1,2493.28,,36,62,0,2493.28,,32,47,0,2493.28,,33,52,0,2493.28,2.9,
00:08:54 01/03/20,40,45,36,38,,,32,48,22,2493.28,,36,62,27,2493.28,,32,47,15,2493.28,,33,52,22,2493.28,9.4,
00:09:24 01/03/20,36,41,36,36,,,32,48,1,2493.28,,36,62,2,2493.28,,32,47,1,2493.28,,33,52,2,2493.28,3.4,
00:09:54 01/03/20,36,39,35,36,,,32,48,3,2493.28,,36,62,1,2493.28,,32,47,1,2493.28,,33,52,0,2493.28,3.8,
00:10:24 01/03/20,35,39,35,35,,,32,48,1,2493.28,,36,62,2,2493.28,,32,47,2,2493.28,,33,52,2,2493.28,3.3,
00:10:54 01/03/20,39,49,37,39,,,32,48,14,2493.28,,36,62,24,2493.28,,32,47,10,2493.28,,33,52,13,2493.28,7.4,
00:11:24 01/03/20,38,43,36,38,,,32,48,11,2493.28,,36,62,8,2493.28,,32,47,5,2493.28,,33,52,4,2493.28,5.8,
00:11:54 01/03/20,38,43,36,38,,,32,48,6,2493.28,,36,62,6,2493.28,,32,47,2,2493.28,,33,52,7,2493.28,5.9,
00:12:24 01/03/20,39,44,38,39,,,32,48,10,2493.28,,36,62,6,2493.28,,32,47,4,2493.28,,33,52,5,2493.28,6.0,
00:12:54 01/03/20,39,43,37,39,,,32,48,5,2493.28,,36,62,7,2493.28,,32,47,9,2493.28,,33,52,6,2493.28,5.9,
00:13:24 01/03/20,38,43,38,39,,,32,48,4,2493.28,,36,62,6,2493.28,,32,47,7,2493.28,,33,52,5,2493.28,5.7,
00:13:54 01/03/20,39,43,38,39,,,32,48,5,2493.28,,36,62,8,2493.28,,32,47,4,2493.28,,33,52,5,2493.28,5.3,
00:14:24 01/03/20,39,44,38,39,,,32,48,4,2493.28,,36,62,10,2493.28,,32,47,6,2493.28,,33,52,5,2493.28,5.8,
00:14:54 01/03/20,40,44,38,39,,,32,48,7,2493.28,,36,62,6,2493.28,,32,47,2,2493.28,,33,52,3,2493.28,5.2,
00:15:24 01/03/20,39,44,38,39,,,32,48,5,2493.28,,36,62,9,2493.28,,32,47,3,2493.28,,33,52,5,2493.28,5.9,
00:15:54 01/03/20,39,46,38,39,,,32,48,6,2493.28,,36,62,11,2493.28,,32,47,7,2493.28,,33,52,5,2493.28,5.7,
00:16:24 01/03/20,40,46,39,46,,,32,48,14,2493.28,,36,62,20,2493.28,,32,47,9,2493.28,,33,52,17,2493.28,7.6,
00:16:54 01/03/20,40,45,40,40,,,32,48,6,2493.28,,36,62,9,2493.28,,32,47,12,2493.28,,33,52,9,2493.28,5.9,
00:17:24 01/03/20,40,44,40,41,,,32,48,6,2493.28,,36,62,14,2493.28,,32,47,3,2493.28,,33,52,9,2493.28,6.2,
00:17:54 01/03/20,40,45,39,41,,,32,48,4,2493.28,,36,62,8,2493.28,,32,47,2,2493.28,,33,52,6,2493.28,5.8,
00:18:24 01/03/20,39,44,38,40,,,32,48,6,2493.28,,36,62,4,2493.28,,32,47,3,2493.28,,33,52,5,2493.28,5.5,
00:18:54 01/03/20,40,44,38,41,,,32,48,3,2493.28,,36,62,6,2493.28,,32,47,2,2493.28,,33,52,4,2493.28,5.5,
00:19:24 01/03/20,40,54,40,42,,,32,48,6,2493.28,,36,62,20,2493.28,,32,47,5,2493.28,,33,52,11,2493.28,7.6,
00:19:54 01/03/20,44,51,41,44,,,32,48,21,2493.28,,36,62,26,2493.28,,32,47,27,2493.28,,33,52,23,2493.28,9.4,
00:20:24 01/03/20,42,49,42,43,,,32,48,9,2493.28,,36,62,20,2493.28,,32,47,17,2493.28,,33,52,8,2493.28,7.4,
00:21:30 01/03/20,45,52,45,47,,,32,48,21,2493.28,,36,62,30,2493.28,,32,47,32,2493.28,,33,52,23,2493.28,7.8,
00:21:59 01/03/20,43,47,42,44,,,32,48,1,2493.28,,36,62,8,2493.28,,32,47,3,2493.28,,33,52,6,2493.28,9.2,
00:22:29 01/03/20,47,52,48,48,,,32,48,32,2493.28,,36,62,29,2493.28,,32,48,26,2493.28,,33,52,28,2493.28,16.2,
11:04:42 01/03/20,47,52,48,48,,,32,48,32,2493.28,,36,62,29,2493.28,,32,48,26,2493.28,,33,52,28,2493.28,16.2,
11:05:12 01/03/20,31,42,29,32,,,24,48,23,2493.90,,28,62,28,2493.90,,22,48,16,2493.90,,24,52,20,2493.90,10.6,

Session end:,11:05:35 - January 03 - 2020

